feed,queries,valid,event_selected_but_not_received,median_age_ms
binance_agg_T,336,304,222,129.0
binance_agg_E,336,305,160,116.0
binance_agg_recv,336,289,0,146.0
binance_spot_btc_event,336,334,334,50.0
binance_spot_btc_recv,336,331,0,65.0
bybit_perp_event,336,336,315,11.0
bybit_perp_recv,336,335,0,34.0
bybit_spot_event,336,335,294,17.0
bybit_spot_recv,336,336,0,46.0
coinbase_perp_event,336,336,266,35.0
coinbase_perp_recv,336,336,0,59.0
coinbase_spot_event,336,336,303,29.0
coinbase_spot_recv,336,335,0,40.0
kraken_perp_event,336,336,226,3.0
kraken_perp_recv,336,336,0,8.0
kraken_spot_event,336,296,160,23.5
kraken_spot_recv,336,289,0,67.0
okx_perp_book_event,336,336,325,46.0
okx_perp_book_recv,336,334,0,68.5
okx_spot_book_event,336,336,297,52.5
okx_spot_book_recv,336,334,0,82.0
