feed,window_ms,scope,pairs,auc,trade_ge0.5,control_ge0.5,trade_ge1.0,control_ge1.0
binance_agg_T,500,all,108,0.8231738683127572,0.5462962962962963,0.009259259259259259,0.3333333333333333,0.009259259259259259
binance_agg_T,500,day1_fit,58,0.8148038049940547,0.4827586206896552,0.0,0.3103448275862069,0.0
binance_agg_T,500,day2_check,50,0.8351999999999999,0.62,0.02,0.36,0.02
binance_agg_T,1000,all,107,0.8188051358197223,0.6355140186915887,0.018691588785046728,0.40186915887850466,0.018691588785046728
binance_agg_T,1000,day1_fit,62,0.8073621227887616,0.5806451612903226,0.016129032258064516,0.4032258064516129,0.016129032258064516
binance_agg_T,1000,day2_check,45,0.8367901234567902,0.7111111111111111,0.022222222222222223,0.4,0.022222222222222223
binance_agg_E,500,all,114,0.8164435210834102,0.5350877192982456,0.008771929824561403,0.30701754385964913,0.008771929824561403
binance_agg_E,500,day1_fit,59,0.8147084171215166,0.4915254237288136,0.0,0.3050847457627119,0.0
binance_agg_E,500,day2_check,55,0.8191735537190084,0.5818181818181818,0.01818181818181818,0.3090909090909091,0.01818181818181818
binance_agg_E,1000,all,108,0.8079132373113854,0.5925925925925926,0.018518518518518517,0.37037037037037035,0.018518518518518517
binance_agg_E,1000,day1_fit,61,0.8016662187583983,0.5409836065573771,0.01639344262295082,0.36065573770491804,0.01639344262295082
binance_agg_E,1000,day2_check,47,0.8146220009053871,0.6595744680851063,0.02127659574468085,0.3829787234042553,0.02127659574468085
binance_agg_recv,500,all,110,0.7291322314049588,0.36363636363636365,0.00909090909090909,0.19090909090909092,0.00909090909090909
binance_agg_recv,500,day1_fit,57,0.7205293936595876,0.3684210526315789,0.0,0.17543859649122806,0.0
binance_agg_recv,500,day2_check,53,0.7370950516197936,0.3584905660377358,0.018867924528301886,0.20754716981132076,0.018867924528301886
binance_agg_recv,1000,all,102,0.7645136485966937,0.4117647058823529,0.0196078431372549,0.21568627450980393,0.0196078431372549
binance_agg_recv,1000,day1_fit,55,0.7439669421487602,0.38181818181818183,0.01818181818181818,0.16363636363636364,0.01818181818181818
binance_agg_recv,1000,day2_check,47,0.7861023087369851,0.44680851063829785,0.02127659574468085,0.2765957446808511,0.02127659574468085
binance_spot_btc_event,500,all,167,0.7454193409588009,0.3772455089820359,0.005988023952095809,0.20958083832335328,0.005988023952095809
binance_spot_btc_event,500,day1_fit,93,0.7312406058503874,0.3333333333333333,0.010752688172043012,0.1935483870967742,0.010752688172043012
binance_spot_btc_event,500,day2_check,74,0.7635135135135136,0.43243243243243246,0.0,0.22972972972972974,0.0
binance_spot_btc_event,1000,all,167,0.7413317078418015,0.38922155688622756,0.023952095808383235,0.23353293413173654,0.011976047904191617
binance_spot_btc_event,1000,day1_fit,93,0.7230315643426987,0.3548387096774194,0.043010752688172046,0.20430107526881722,0.021505376344086023
binance_spot_btc_event,1000,day2_check,74,0.7635135135135136,0.43243243243243246,0.0,0.2702702702702703,0.0
binance_spot_btc_recv,500,all,164,0.5272531231409875,0.036585365853658534,0.0,0.006097560975609756,0.0
binance_spot_btc_recv,500,day1_fit,92,0.5268194706994329,0.03260869565217391,0.0,0.0,0.0
binance_spot_btc_recv,500,day2_check,72,0.5277777777777778,0.041666666666666664,0.0,0.013888888888888888,0.0
binance_spot_btc_recv,1000,all,163,0.5428883285031427,0.07975460122699386,0.018404907975460124,0.03680981595092025,0.006134969325153374
binance_spot_btc_recv,1000,day1_fit,91,0.5224006762468301,0.07692307692307693,0.03296703296703297,0.02197802197802198,0.01098901098901099
binance_spot_btc_recv,1000,day2_check,72,0.5694444444444444,0.08333333333333333,0.0,0.05555555555555555,0.0
bybit_perp_event,500,all,168,0.8206313775510202,0.5416666666666666,0.011904761904761904,0.25,0.011904761904761904
bybit_perp_event,500,day1_fit,94,0.8105477591670439,0.5212765957446809,0.010638297872340425,0.20212765957446807,0.010638297872340425
bybit_perp_event,500,day2_check,74,0.8334550766983201,0.5675675675675675,0.013513513513513514,0.3108108108108108,0.013513513513513514
bybit_perp_event,1000,all,168,0.8431299603174605,0.5595238095238095,0.011904761904761904,0.27380952380952384,0.011904761904761904
bybit_perp_event,1000,day1_fit,94,0.834314169307379,0.5319148936170213,0.010638297872340425,0.2127659574468085,0.010638297872340425
bybit_perp_event,1000,day2_check,74,0.8551862673484296,0.5945945945945946,0.013513513513513514,0.35135135135135137,0.013513513513513514
bybit_perp_recv,500,all,167,0.6150991430313028,0.15568862275449102,0.0,0.03592814371257485,0.0
bybit_perp_recv,500,day1_fit,93,0.6021505376344086,0.11827956989247312,0.0,0.021505376344086023,0.0
bybit_perp_recv,500,day2_check,74,0.6320306793279766,0.20270270270270271,0.0,0.05405405405405406,0.0
bybit_perp_recv,1000,all,167,0.624475599698806,0.18562874251497005,0.011976047904191617,0.059880239520958084,0.0
bybit_perp_recv,1000,day1_fit,93,0.6015724361197827,0.13978494623655913,0.0,0.03225806451612903,0.0
bybit_perp_recv,1000,day2_check,74,0.6553140978816655,0.24324324324324326,0.02702702702702703,0.0945945945945946,0.0
bybit_spot_event,500,all,166,0.7896646828276963,0.39759036144578314,0.012048192771084338,0.1746987951807229,0.012048192771084338
bybit_spot_event,500,day1_fit,94,0.7790855590765052,0.3829787234042553,0.010638297872340425,0.1595744680851064,0.010638297872340425
bybit_spot_event,500,day2_check,72,0.8039158950617284,0.4166666666666667,0.013888888888888888,0.19444444444444445,0.013888888888888888
bybit_spot_event,1000,all,165,0.7952249770431589,0.4121212121212121,0.024242424242424242,0.18787878787878787,0.012121212121212121
bybit_spot_event,1000,day1_fit,94,0.7899502037120869,0.39361702127659576,0.02127659574468085,0.18085106382978725,0.010638297872340425
bybit_spot_event,1000,day2_check,71,0.8021225947232692,0.43661971830985913,0.028169014084507043,0.19718309859154928,0.014084507042253521
bybit_spot_recv,500,all,167,0.571623220624619,0.059880239520958084,0.005988023952095809,0.023952095808383235,0.0
bybit_spot_recv,500,day1_fit,94,0.574468085106383,0.07446808510638298,0.0,0.02127659574468085,0.0
bybit_spot_recv,500,day2_check,73,0.5678363670482267,0.0410958904109589,0.0136986301369863,0.0273972602739726,0.0
bybit_spot_recv,1000,all,166,0.5805269269850486,0.10843373493975904,0.012048192771084338,0.05421686746987952,0.0
bybit_spot_recv,1000,day1_fit,94,0.5801267541874151,0.09574468085106383,0.010638297872340425,0.0425531914893617,0.0
bybit_spot_recv,1000,day2_check,72,0.5808256172839507,0.125,0.013888888888888888,0.06944444444444445,0.0
coinbase_perp_event,500,all,168,0.6323696145124716,0.19642857142857142,0.017857142857142856,0.08928571428571429,0.011904761904761904
coinbase_perp_event,500,day1_fit,94,0.6385242191036667,0.19148936170212766,0.010638297872340425,0.09574468085106383,0.010638297872340425
coinbase_perp_event,500,day2_check,74,0.6250913075237398,0.20270270270270271,0.02702702702702703,0.08108108108108109,0.013513513513513514
coinbase_perp_event,1000,all,168,0.6618835034013605,0.25,0.02976190476190476,0.11904761904761904,0.017857142857142856
coinbase_perp_event,1000,day1_fit,94,0.6610457220461747,0.2127659574468085,0.02127659574468085,0.09574468085106383,0.010638297872340425
coinbase_perp_event,1000,day2_check,74,0.6638056975894814,0.2972972972972973,0.04054054054054054,0.14864864864864866,0.02702702702702703
coinbase_perp_recv,500,all,168,0.5505952380952381,0.05952380952380952,0.0,0.011904761904761904,0.0
coinbase_perp_recv,500,day1_fit,94,0.5485513807152559,0.05319148936170213,0.0,0.02127659574468085,0.0
coinbase_perp_recv,500,day2_check,74,0.5532322863403945,0.06756756756756757,0.0,0.0,0.0
coinbase_perp_recv,1000,all,168,0.5785501700680272,0.10714285714285714,0.017857142857142856,0.03571428571428571,0.005952380952380952
coinbase_perp_recv,1000,day1_fit,94,0.5701674966047986,0.06382978723404255,0.010638297872340425,0.02127659574468085,0.0
coinbase_perp_recv,1000,day2_check,74,0.589846603360117,0.16216216216216217,0.02702702702702703,0.05405405405405406,0.013513513513513514
coinbase_spot_event,500,all,167,0.6506507942199433,0.2275449101796407,0.017964071856287425,0.11377245508982035,0.011976047904191617
coinbase_spot_event,500,day1_fit,93,0.6549890160712222,0.24731182795698925,0.010752688172043012,0.11827956989247312,0.010752688172043012
coinbase_spot_event,500,day2_check,74,0.6451789627465304,0.20270270270270271,0.02702702702702703,0.10810810810810811,0.013513513513513514
coinbase_spot_event,1000,all,168,0.6853210034013606,0.27380952380952384,0.03571428571428571,0.14285714285714285,0.011904761904761904
coinbase_spot_event,1000,day1_fit,94,0.6651199637845178,0.2553191489361702,0.031914893617021274,0.1276595744680851,0.010638297872340425
coinbase_spot_event,1000,day2_check,74,0.7096420745069394,0.2972972972972973,0.04054054054054054,0.16216216216216217,0.013513513513513514
coinbase_spot_recv,500,all,166,0.5498983887356657,0.060240963855421686,0.006024096385542169,0.018072289156626505,0.0
coinbase_spot_recv,500,day1_fit,92,0.5425921550094518,0.05434782608695652,0.010869565217391304,0.021739130434782608,0.0
coinbase_spot_recv,500,day2_check,74,0.5584368151935719,0.06756756756756757,0.0,0.013513513513513514,0.0
coinbase_spot_recv,1000,all,167,0.5674997310767687,0.10179640718562874,0.023952095808383235,0.03592814371257485,0.005988023952095809
coinbase_spot_recv,1000,day1_fit,93,0.5465371719273905,0.07526881720430108,0.03225806451612903,0.03225806451612903,0.010752688172043012
coinbase_spot_recv,1000,day2_check,74,0.5936815193571952,0.13513513513513514,0.013513513513513514,0.04054054054054054,0.0
kraken_perp_event,500,all,168,0.763091695011338,0.39880952380952384,0.023809523809523808,0.20238095238095238,0.005952380952380952
kraken_perp_event,500,day1_fit,94,0.7578089633318243,0.3723404255319149,0.010638297872340425,0.19148936170212766,0.010638297872340425
kraken_perp_event,500,day2_check,74,0.7697224251278306,0.43243243243243246,0.04054054054054054,0.21621621621621623,0.0
kraken_perp_event,1000,all,168,0.777795493197279,0.42857142857142855,0.02976190476190476,0.22023809523809523,0.017857142857142856
kraken_perp_event,1000,day1_fit,94,0.7752942507922137,0.3829787234042553,0.010638297872340425,0.20212765957446807,0.010638297872340425
kraken_perp_event,1000,day2_check,74,0.7806793279766252,0.4864864864864865,0.05405405405405406,0.24324324324324326,0.02702702702702703
kraken_perp_recv,500,all,168,0.7345167233560091,0.2619047619047619,0.02976190476190476,0.1130952380952381,0.005952380952380952
kraken_perp_recv,500,day1_fit,94,0.7480760525124491,0.24468085106382978,0.010638297872340425,0.10638297872340426,0.010638297872340425
kraken_perp_recv,500,day2_check,74,0.7191380569758946,0.28378378378378377,0.05405405405405406,0.12162162162162163,0.0
kraken_perp_recv,1000,all,168,0.7453231292517007,0.32142857142857145,0.03571428571428571,0.14285714285714285,0.017857142857142856
kraken_perp_recv,1000,day1_fit,94,0.7495473064735174,0.2872340425531915,0.010638297872340425,0.1276595744680851,0.010638297872340425
kraken_perp_recv,1000,day2_check,74,0.739408327246165,0.36486486486486486,0.06756756756756757,0.16216216216216217,0.02702702702702703
kraken_spot_event,500,all,104,0.6501479289940828,0.17307692307692307,0.0,0.11538461538461539,0.0
kraken_spot_event,500,day1_fit,55,0.6363636363636364,0.18181818181818182,0.0,0.12727272727272726,0.0
kraken_spot_event,500,day2_check,49,0.665347771761766,0.16326530612244897,0.0,0.10204081632653061,0.0
kraken_spot_event,1000,all,103,0.6636346498256197,0.21359223300970873,0.009708737864077669,0.1650485436893204,0.009708737864077669
kraken_spot_event,1000,day1_fit,55,0.6347107438016529,0.2,0.0,0.16363636363636364,0.0
kraken_spot_event,1000,day2_check,48,0.697048611111111,0.22916666666666666,0.020833333333333332,0.16666666666666666,0.020833333333333332
kraken_spot_recv,500,all,103,0.5723442360260157,0.05825242718446602,0.0,0.019417475728155338,0.0
kraken_spot_recv,500,day1_fit,55,0.5454545454545454,0.05454545454545454,0.0,0.01818181818181818,0.0
kraken_spot_recv,500,day2_check,48,0.6028645833333333,0.0625,0.0,0.020833333333333332,0.0
kraken_spot_recv,1000,all,99,0.5632078359351087,0.0707070707070707,0.020202020202020204,0.04040404040404041,0.020202020202020204
kraken_spot_recv,1000,day1_fit,54,0.5445816186556927,0.05555555555555555,0.018518518518518517,0.037037037037037035,0.018518518518518517
kraken_spot_recv,1000,day2_check,45,0.5849382716049383,0.08888888888888889,0.022222222222222223,0.044444444444444446,0.022222222222222223
okx_perp_book_event,500,all,168,0.7446145124716553,0.36904761904761907,0.011904761904761904,0.21428571428571427,0.011904761904761904
okx_perp_book_event,500,day1_fit,94,0.7472838388411045,0.3723404255319149,0.010638297872340425,0.24468085106382978,0.010638297872340425
okx_perp_book_event,500,day2_check,74,0.7409605551497443,0.36486486486486486,0.013513513513513514,0.17567567567567569,0.013513513513513514
okx_perp_book_event,1000,all,168,0.7444373582766439,0.40476190476190477,0.02976190476190476,0.2261904761904762,0.011904761904761904
okx_perp_book_event,1000,day1_fit,94,0.7421910366681758,0.39361702127659576,0.02127659574468085,0.24468085106382978,0.010638297872340425
okx_perp_book_event,1000,day2_check,74,0.7474433893352811,0.4189189189189189,0.04054054054054054,0.20270270270270271,0.013513513513513514
okx_perp_book_recv,500,all,166,0.5425134272027871,0.060240963855421686,0.0,0.024096385542168676,0.0
okx_perp_book_recv,500,day1_fit,93,0.5383281304197016,0.06451612903225806,0.0,0.021505376344086023,0.0
okx_perp_book_recv,500,day2_check,73,0.547945205479452,0.0547945205479452,0.0,0.0273972602739726,0.0
okx_perp_book_recv,1000,all,166,0.547321817390042,0.0963855421686747,0.018072289156626505,0.04216867469879518,0.006024096385542169
okx_perp_book_recv,1000,day1_fit,93,0.5339923690600069,0.0967741935483871,0.010752688172043012,0.03225806451612903,0.0
okx_perp_book_recv,1000,day2_check,73,0.5648339275661474,0.0958904109589041,0.0273972602739726,0.0547945205479452,0.0136986301369863
okx_spot_book_event,500,all,168,0.7724454365079364,0.38095238095238093,0.011904761904761904,0.21428571428571427,0.005952380952380952
okx_spot_book_event,500,day1_fit,94,0.7651652331371662,0.3723404255319149,0.010638297872340425,0.2127659574468085,0.010638297872340425
okx_spot_book_event,500,day2_check,74,0.7826880934989043,0.3918918918918919,0.013513513513513514,0.21621621621621623,0.0
okx_spot_book_event,1000,all,168,0.7866177721088436,0.4226190476190476,0.011904761904761904,0.22023809523809523,0.005952380952380952
okx_spot_book_event,1000,day1_fit,94,0.7687867813490268,0.3829787234042553,0.010638297872340425,0.2127659574468085,0.010638297872340425
okx_spot_book_event,1000,day2_check,74,0.810445580715851,0.47297297297297297,0.013513513513513514,0.22972972972972974,0.0
okx_spot_book_recv,500,all,166,0.5424589925968937,0.04819277108433735,0.0,0.018072289156626505,0.0
okx_spot_book_recv,500,day1_fit,94,0.5531914893617021,0.05319148936170213,0.0,0.031914893617021274,0.0
okx_spot_book_recv,500,day2_check,72,0.5283564814814815,0.041666666666666664,0.0,0.0,0.0
okx_spot_book_recv,1000,all,166,0.5485556684569602,0.07228915662650602,0.006024096385542169,0.03614457831325301,0.0
okx_spot_book_recv,1000,day1_fit,94,0.5480986871887732,0.06382978723404255,0.0,0.0425531914893617,0.0
okx_spot_book_recv,1000,day2_check,72,0.548804012345679,0.08333333333333333,0.013888888888888888,0.027777777777777776,0.0
