transaction_hash,token_id,role,coin,mk,cs,ce,is_yes,sh,usd,pnl,won,print_ms,ts,px,m,grp,d,control
0x004670307620ed5ae75ff93e1f150c06bc5537fceb304987714a71477ad53970,50784595430519481574726413560553841041817042592760365827379985659486416911554,TAKER,btc,btc_5m,1789280100000,1789280400000,True,88.14,18.5094,-19.532969819999998,0.0,1789280191187.0,1789280193,0.21,1789280191147.0,low,1789280190997,1789280160997
0x01ed255d6f503f2b55237fa01273222678d40c75a08b77b65fe1a25cd4165a63,111173384564433902744946944439004633684024272163269585196617388326843458538049,TAKER,btc,btc_5m,1789236300000,1789236600000,True,307.521306,258.15999699646056,46.46063818989942,1.0,1789236352133.0,1789236355,0.8394865395,1789236352093.0,low,1789236351943,1789236321943
0x02a4fbec59c70a1105ae168a6766b91318fdf3e65bc3803d3a0a09a14563992a,15649801576376707953506844345791115354792097950409471518475436066447764785653,TAKER,btc,btc_5m,1789212900000,1789213200000,True,317.464466,261.13999599882294,53.081272285461644,1.0,1789212980239.0,1789212984,0.822580238,1789212980199.0,low,1789212980049,1789212950049
0x02ca6db469d8e018b9c85f782e8473b4b5a5d733a71817fce46c2d93dc25e20c,44227621205650484016669928736335511175661867875101012464701246263587795279975,TAKER,btc,btc_5m,1789232100000,1789232400000,True,60.0,44.7,14.502105,1.0,1789232291311.0,1789232295,0.745,1789232291271.0,low,1789232291121,1789232261121
0x0395a621a37d11959bf1fd9904beb8dba80f0dd963856a7f0e1e864402ee1113,79142343553557545331005679483202049445286322399612536109446812253650210504227,TAKER,btc,btc_5m,1789193400000,1789193700000,True,309.235928,261.13999800684576,-263.9830828322884,0.0,1789193433662.0,1789193437,0.8444684927000001,1789193433622.0,low,1789193433472,1789193403472
0x077225134bd70478f5840244d38f1876145821fde9255be40560659b835abe23,2328114070923951302047365367346614147960162034712343256866644680567986323010,TAKER,btc,btc_5m,1789222500000,1789222800000,True,168.964643,93.12000000116335,72.91867155207785,1.0,1789222586857.0,1789222590,0.5511212189,1789222586817.0,low,1789222586667,1789222556667
0x079e5ff21bc245c75929684a70b898d407509221482f0d265dc3a08d4c0c5110,98780103202601233338934080820792850018428692479044065137934852003846300251415,TAKER,btc,btc_5m,1789264500000,1789264800000,True,32.71,6.8690999999999995,25.461038770000002,1.0,1789264682343.0,1789264686,0.21,1789264682303.0,low,1789264682153,1789264652153
0x082cdc625d8fa94778d94ea4b1a7ea6472b7f976526236078ff3e4607d4c4b39,101514676698261711577466511402592859452559156153203591768961898968746293656182,TAKER,btc,btc_5m,1789233000000,1789233300000,False,100.290314,93.26999199994194,6.563299037952564,1.0,1789233114585.0,1789233118,0.9299999998,1789233114545.0,low,1789233114395,1789233084395
0x0b95001aeff8e6aa467b909e0e2ddc31a96655f502264f5218c25b1b9fa55133,40065142448849748455901505738348517480230058694474766960301778970929786227922,TAKER,btc,btc_5m,1789174200000,1789174500000,False,100.294872,78.2299999995282,-79.4347420082827,0.0,1789174305949.0,1789174308,0.7799999984,1789174305909.0,low,1789174305759,1789174275759
0x0ce1e3e26a2099b95e6a519df02b6c1ff87ac08ecfdedacc118488f894483733,38845243414963969801426706164228889843292666588243653550969388732526249688220,TAKER,btc,btc_5m,1789268700000,1789269000000,False,81.5,30.155,50.0151645,1.0,1789268731315.0,1789268734,0.37,1789268731275.0,low,1789268731125,1789268701125
0x0d4c9bf87304b8fa02770b64b16946a636bb8593d68ee30b0cfd47b74c3754ee,56567417366906316553120197172971838043747237228213350124681720838768162270812,TAKER,btc,btc_5m,1789249800000,1789250100000,True,6.34,0.317,-0.3380805,0.0,1789250028598.0,1789250031,0.05,1789250028558.0,low,1789250028408,1789249998408
0x0d51b8ca46faf1b74124d4f82ad01e6b373006b3c7f585f92548bf6b5a778c53,114561314213095864318368207805149583943127740266077886015681353160272044618476,TAKER,btc,btc_5m,1789296600000,1789296900000,False,40.0,34.0,5.643000000000001,1.0,1789296649506.0,1789296652,0.85,1789296649466.0,low,1789296649316,1789296619316
0x11b37d01b9acd16ffdfdd85d4b043fcda992cbd6e26a8b138d7a8684962c9ec8,33966830381680849237770643502327219682073071330352131499817678413545622109978,TAKER,btc,btc_5m,1789220400000,1789220700000,True,5.02,4.618399999999999,0.3757369599999998,1.0,1789220664030.0,1789220667,0.9199999999999999,1789220663990.0,low,1789220663840,1789220633840
0x154f2ed33d26ab43ca3c4a19016b31af5e4dfddc1838f2d0cbbb33c0067e7ce8,74700449548900277102680459361256338597709024504329723164223904239812583275027,TAKER,btc,btc_5m,1789276500000,1789276800000,True,310.002949,240.11999999359298,66.0938864705924,1.0,1789276621307.0,1789276624,0.7745732767,1789276621267.0,low,1789276621117,1789276591117
0x19abbafac513a8ab2aa447a7aea2ba5efc06eaa2770583b6d314b8d0d59720f4,54720561788947470156508691702077615408595456212781811847284222621392512923210,TAKER,btc,btc_5m,1789244100000,1789244400000,False,153.9375,123.15,29.063399999999994,1.0,1789244224381.0,1789244227,0.8,1789244224341.0,low,1789244224191,1789244194191
0x1d09f2075720ceb4d179fb643ca517f37b7be30685dfd216bf99e402a7a00426,24463249240225769557206548019948527451524192529536118442042162592493486814514,TAKER,btc,btc_5m,1789190100000,1789190400000,True,5.0,1.45,-1.522065,0.0,1789190218151.0,1789190221,0.29,1789190218111.0,low,1789190217961,1789190187961
0x1dccb9c0f7526ef94510d07a67ec878734c8784057e9bc673639e43a049c2058,114561314213095864318368207805149583943127740266077886015681353160272044618476,TAKER,btc,btc_5m,1789296600000,1789296900000,False,152.355058,126.13999799619842,24.695755451769706,1.0,1789296648601.0,1789296652,0.8279344293,1789296648561.0,low,1789296648411,1789296618411
0x1e1a591e4b81f99b1571868b0e83978de6b3a3bc00f9a350ca7036dfc0cf4edf,35570654062922087391509764945015128285921661908163149875189169598324560845766,TAKER,btc,btc_5m,1789243200000,1789243500000,True,150.190475,126.15999899999998,22.617484011200002,1.0,1789243295028.0,1789243297,0.84,1789243294988.0,low,1789243294838,1789243264838
0x2072fa6b7e573cd844b577810741e7d259c68cec6f1182dbf69ef41d057a3272,77866622994293656489128463393387435824852310233050576957872118322986919090546,TAKER,btc,btc_5m,1789198800000,1789199100000,True,5.0,2.3499999999999996,-2.4371849999999995,0.0,1789198837058.0,1789198840,0.4699999999999999,1789198837018.0,low,1789198836868,1789198806868
0x20e00514a1d27eb4b893e510db602e44f1e5bac986975cca91560ef60c790aec,91613063685283386454462483901354172346636445363088212410515593155850708253559,TAKER,btc,btc_5m,1789215900000,1789216200000,True,112.01,89.72799999812901,21.03253700098864,1.0,1789216083658.0,1789216086,0.8010713329,1789216083618.0,low,1789216083468,1789216053468
0x2609c07ba9164716d3f0228122764f934bced95984ab79d4147de0a94c9b16de,53445961007249876061918149492876433502335001714361986852099954334322554322682,TAKER,btc,btc_5m,1789226700000,1789227000000,True,52.85,49.679,2.9623482000000028,1.0,1789226790110.0,1789226793,0.9400000000000001,1789226790070.0,low,1789226789920,1789226759920
0x2823033923d076fc8c89d0abcbe1271b5de582176f88fa5cc98699ef993f6404,78651878556333857707031569631444542730250198853458448427454465468159127811067,TAKER,btc,btc_5m,1789331100000,1789331400000,True,23.87,21.244300000000003,2.4621188899999997,1.0,1789331233290.0,1789331235,0.8900000000000001,1789331233250.0,low,1789331233100,1789331203100
0x28aabb17590ec485c7b96ecf969fee007d63a0fab2f93031c7024b3304f30746,94157176457756734077035866141110844342254932911119468694794598922679262440912,TAKER,btc,btc_5m,1789263900000,1789264200000,True,150.383847,136.6500000050943,12.860275025206931,1.0,1789264051973.0,1789264054,0.9086747196,1789264051933.0,low,1789264051783,1789264021783
0x2af231e540e0d5ff754fb46612b51e8b2f1d1c7c4abd9c3bc9e1b4c737863003,415013685928807960211978133847040548929001558567159197283050701084608962613,TAKER,btc,btc_5m,1789285800000,1789286100000,False,67.45,33.88829999787,32.381352677181916,1.0,1789285906250.0,1789285909,0.5024210526,1789285906210.0,low,1789285906060,1789285876060
0x2c5cae762877bc2ec40a478a3b5f064badea41ef317ff5e38419ede8ef970637,23442601531040024892922817846034246077982316546771081092267769993604345066165,TAKER,btc,btc_5m,1789317600000,1789317900000,True,3.31,2.648,0.6249279999999998,1.0,1789317647138.0,1789317649,0.8,1789317647098.0,low,1789317646948,1789317616948
0x2c60e38377ba58151a77edc82ffab74a67edb16231b88df73e0665973bf5bbcd,78910268264890061829735354217080913954459715666152550670986415528868501277112,TAKER,btc,btc_5m,1789243800000,1789244100000,True,2.8,0.952,-0.9959823999999999,0.0,1789243869030.0,1789243872,0.34,1789243868990.0,low,1789243868840,1789243838840
0x2dbcbbc7c157fd83b25fe3bb3fb553b9fbf61b22420f5f4ab8dc020ba509997c,15862252865934176965989300534778839485662903451086244789148172343174511876230,TAKER,btc,btc_5m,1789326000000,1789326300000,True,39.46,30.7788,8.207206479999998,1.0,1789326129095.0,1789326132,0.78,1789326129055.0,low,1789326128905,1789326098905
0x2fab76be633a11c18174b642716a87dc6a44b7fb3f457d5cec2ab296f756067a,88355833179156163683229764808348623554960771202844693824667883836227668501211,TAKER,btc,btc_5m,1789192800000,1789193100000,False,157.46555,139.63999499523817,16.71901945577567,1.0,1789193047432.0,1789193050,0.8867971121,1789193047392.0,low,1789193047242,1789193017242
0x3322bbf3249080914983e34b0c3e5790a83a2366ec04ca5b4c2205983514ca9b,20611969597271152642428037742208293645512772530496983127401953729865196932173,TAKER,btc,btc_5m,1789317900000,1789318200000,False,10.0,9.200000000000001,0.7484799999999996,1.0,1789318062929.0,1789318065,0.9200000000000002,1789318062889.0,low,1789318062739,1789318032739
0x35cac9cea5567c4095f3211c7ae5028642b6a572f34699cb10871ba20d942129,31979635413840480279440897115044300307887520422827019973933239079266785584273,TAKER,btc,btc_5m,1789245300000,1789245600000,True,28.0,2.3900000012000002,-2.5430197512696604,0.0,1789245517096.0,1789245520,0.0853571429,1789245517056.0,low,1789245516906,1789245486906
0x3871bb014b74dcaa4d0974e2be797164f435b47f779f5f91513d26770957591b,91410556841501529870121693523744837346393100475614861505764973851594318099210,TAKER,btc,btc_5m,1789219500000,1789219800000,True,350.190475,294.15999899999997,52.73588401120001,1.0,1789219546182.0,1789219549,0.84,1789219546142.0,low,1789219545992,1789219515992
0x3cae298af03d411bfbf030d995714194254f436ac511e73450f24b56c3d5abe9,101443186696900744857276836797227343314272877701362012268948131225232601706014,TAKER,btc,btc_5m,1789222800000,1789223100000,True,72.67,49.40960000145,22.15333939326383,1.0,1789222844287.0,1789222848,0.679917435,1789222844247.0,low,1789222844097,1789222814097
0x3e45ed16fe7f452b9e0ed15045931a46fdc65edcf573e6b71ca5bc6dbdb0b33a,10240905188373885420388146503198955453087583091819225888663754040342878177982,TAKER,btc,btc_5m,1789305000000,1789305300000,True,115.0,97.650000002,16.31873108505428,1.0,1789305137416.0,1789305141,0.8491304348,1789305137376.0,low,1789305137226,1789305107226
0x3e773f5d5a844b887cfe514625f8fa5ac3323572232f6dc5806deb463518a630,84811653363867842248510515820158680592232820054329494643417236173290101075408,TAKER,btc,btc_5m,1789203600000,1789203900000,True,325.057778,141.0799999847847,178.3883380222701,1.0,1789203779130.0,1789203781,0.43401514910000005,1789203779090.0,low,1789203778940,1789203748940
0x3ef2f715b5d5a775db37507d09fdd281befb5607db0ebd7229bf7e4bbd6898c8,40065142448849748455901505738348517480230058694474766960301778970929786227922,TAKER,btc,btc_5m,1789174200000,1789174500000,False,75.093024,32.2899999971,-33.57837100670358,0.0,1789174279938.0,1789174282,0.4299999957,1789174279898.0,low,1789174279748,1789174249748
0x3f4476a662adf2023e15082ea8ad16fc6fcc188316108987f7caf74b28a49a1f,70099075879734170289895475810342678776224135624239771752664398416860525281378,TAKER,btc,btc_5m,1789241100000,1789241400000,True,5.02,4.518,0.4703739999999999,1.0,1789241344755.0,1789241347,0.9,1789241344715.0,low,1789241344565,1789241314565
0x408cf7b56a626eaccca444d5fbd547a8b9254569d9b3516cb2818f48dddaaded,65405966577515069763743343019504805530763003348524227393069857940589541059014,TAKER,btc,btc_5m,1789334100000,1789334400000,True,150.355284,130.6599970070174,18.49721117564795,1.0,1789334203014.0,1789334206,0.8690083482999998,1789334202974.0,low,1789334202824,1789334172824
0x41f2be6af55effd68014e2c87eb88e015155498242981f6686490cc5967e0622,105976089557496537784398142979277601617425335550359931187258326982821557696321,TAKER,btc,btc_5m,1789293000000,1789293300000,True,71.16,61.9092,8.68742628,1.0,1789293253409.0,1789293256,0.87,1789293253369.0,low,1789293253219,1789293223219
0x44aaed872f505d093002cfe3d733fc6460efc9ee3db9e702b9411ea4dde9fa85,29588388107174699916723536475087899140932267285933336152284834428102176829166,TAKER,btc,btc_5m,1789331700000,1789332000000,False,32.55,27.993,4.2826686,1.0,1789331750134.0,1789331752,0.86,1789331750094.0,low,1789331749944,1789331719944
0x45a348fc5f5286e2e51d36ddf5a8466abd8864be3341a0948792566f1835a765,30202134899966714358128357640840920150762260521383486837598815756235606531730,TAKER,btc,btc_5m,1789281300000,1789281600000,False,150.150528,139.63999099495484,9.826301046237436,1.0,1789281513401.0,1789281516,0.9299999996999999,1789281513361.0,low,1789281513211,1789281483211
0x45aa9446796d35a1e007d8bf216239275d2d2023162e3e3f03fd3a8de5e48517,62138886542349947727383917734900271693727390887619090371278030119339094438536,TAKER,btc,btc_5m,1789215900000,1789216200000,False,22.82,7.3024000000000004,-7.649994240000001,0.0,1789216020384.0,1789216023,0.32,1789216020344.0,low,1789216020194,1789215990194
0x478d92c74f430e86ae631b61129ef498a77c4ec0557bcdf31a13b2f6ea3655c4,51506350603338139707072205223959561583897445201980861062462077160695108073540,TAKER,btc,btc_5m,1789333200000,1789333500000,False,7.04,4.2943999999999996,2.62836288,1.0,1789333363545.0,1789333366,0.61,1789333363505.0,low,1789333363355,1789333333355
0x4b131708120338865101ef84a1b2593e5582e4d5a1b822fce95a0cfc5db647c3,65200859512652637252231152362579928344077624392447470215681551964172477436485,TAKER,btc,btc_5m,1789253100000,1789253400000,True,101.576922,79.22999899747693,21.12678100908817,1.0,1789253193538.0,1789253196,0.7799999984,1789253193498.0,low,1789253193348,1789253163348
0x4fd06fad3b1d6a5a26436776194932a038875a08a24e97ba90dd3f78f7a722a8,65200859512652637252231152362579928344077624392447470215681551964172477436485,TAKER,btc,btc_5m,1789253100000,1789253400000,True,121.99,102.4716,18.370718080000003,1.0,1789253208779.0,1789253212,0.84,1789253208739.0,low,1789253208589,1789253178589
0x505d977f86126d1d34f87cec39dc92631fc5d605484b0615f35587013f1e08c2,112918864639055855898044561026696349350381008519011840547021652027730270231978,TAKER,btc,btc_5m,1789304100000,1789304400000,True,175.42,11.129400000641999,163.5609687927585,1.0,1789304325186.0,1789304328,0.0634443051,1789304325146.0,low,1789304324996,1789304294996
0x5119f9b0a75f39ef6813f5ab4dac0a9c107638a0f9671f3eb510ac209fa7158f,25529250252460097547384747096785011702868433521342059758029607992254145973571,TAKER,btc,btc_5m,1789289700000,1789290000000,False,153.717646,130.65999899239765,21.685717011779833,1.0,1789289785867.0,1789289788,0.8499999993,1789289785827.0,low,1789289785677,1789289755677
0x53fbd43e9e6c0d919cfaa0e33e34a01135cccd85922f1eaa88d875f164a5afb8,21061352646484396015812609067588957306367636538391241219780850339485038021591,TAKER,btc,btc_5m,1789303800000,1789304100000,True,150.15,120.12,28.348319999999994,1.0,1789303921032.0,1789303923,0.8,1789303920992.0,low,1789303920842,1789303890842
0x5586053ba7308a3f91ebeb4344775378e5c14968ddef20ea1895300ec9a4b918,60501150479637363447493582440649375543387117934687052123606200896044068808295,TAKER,btc,btc_5m,1789281600000,1789281900000,True,75.285715,5.269999997299999,69.67263800261753,1.0,1789281756829.0,1789281759,0.0699999993,1789281756789.0,low,1789281756639,1789281726639
0x55ae543d0daa818f8c49561fedc19b6aea037e62878e9437ab4d68b0a70481bb,33052094204838583517370643349489351056169884208306648185337588748101706262721,TAKER,btc,btc_5m,1789235400000,1789235700000,False,153.204082,75.0699999961551,75.45408299767628,1.0,1789235464030.0,1789235467,0.4899999988,1789235463990.0,low,1789235463840,1789235433840
0x5797dd25c47e00518444e6a2870b689832da984804e531bbd8e7c8b1cb99ea99,14985144080342996853892047941925578785074167828104891564017293838276224817983,TAKER,btc,btc_5m,1789225800000,1789226100000,False,77.88,43.526399998091996,-44.87039328846212,0.0,1789225883825.0,1789225887,0.5588906009,1789225883785.0,low,1789225883635,1789225853635
0x57d271e8a578f9c44ada6ac1dac629c637778152f968aef47567747bdf1c8404,79489905602777665199528429665269380842526139165150146373809288793320570623959,TAKER,btc,btc_5m,1789291200000,1789291500000,True,162.14,15.020000002303998,-15.974002518779297,0.0,1789291431921.0,1789291435,0.0926359936,1789291431881.0,low,1789291431731,1789291401731
0x5850fb8e37d8b4f8c7818f12d4cdae62c9f3950b3b90ead7d12f14ada2c70336,94173680085095643718564486490230242981323918060095682108058775874273005180408,TAKER,btc,btc_5m,1789249200000,1789249500000,True,5.02,4.618399999999999,0.3757369599999998,1.0,1789249451459.0,1789249455,0.9199999999999999,1789249451419.0,low,1789249451269,1789249421269
0x58e58fa852871a624e7923ccc19e211bd886fa67c749bff48879c1b5915b3fa0,101384392096073906847838826085183146804667258834890951735280965189607174269090,TAKER,btc,btc_5m,1789203900000,1789204200000,False,150.086014,139.57999300499142,9.822079028307078,1.0,1789204064950.0,1789204068,0.9299999999000002,1789204064910.0,low,1789204064760,1789204034760
0x5e2c7633d8e8f35c0f1f16edfbe07f5f49777d505982316d73e2dc2e43e475d8,114830326121450887214954524163425629621749869426572089694302095057692035344876,TAKER,btc,btc_5m,1789207500000,1789207800000,True,331.1564,246.14000000597002,80.59306537433771,1.0,1789207620538.0,1789207624,0.743274175,1789207620498.0,low,1789207620348,1789207590348
0x5edbe91c730d402f4c83a48f3f1494135d1428848157ac65ffcd3e5c5660bdc1,49427938372795411688155483784930948885067383790368870122619762667209071727197,TAKER,btc,btc_5m,1789240500000,1789240800000,False,139.66,114.5212,23.695832880000008,1.0,1789240586735.0,1789240588,0.82,1789240586695.0,low,1789240586545,1789240556545
0x5f04595432568c26906481cf4babaabfd8f30dd9a23226e52565c677fea4c1eb,67118339232259503753277224953718881886563694931950186079856295484702491792302,TAKER,btc,btc_5m,1789309800000,1789310100000,True,6.96,2.5056,-2.6178508799999998,0.0,1789309878873.0,1789309882,0.36,1789309878833.0,low,1789309878683,1789309848683
0x6432ffcf60a6f29945449034bba0ff410bb9eef046ed311d25f1df27f60b865b,40874929469511279920883342870205400246734854363624102042076893428706646562632,TAKER,btc,btc_5m,1789329000000,1789329300000,False,10.83,10.151900000289,-10.196394943696973,0.0,1789329170307.0,1789329172,0.9373868883,1789329170267.0,low,1789329170117,1789329140117
0x672d9598a4bd975c33ab92e2d38c16fe749f7ff794afab3f6ac54171d756ff81,83280398163291027717373836705634223636135397632908014493436510316411493439455,TAKER,btc,btc_5m,1789183500000,1789183800000,True,153.244898,75.09000000467552,75.47418499463194,1.0,1789183571470.0,1789183573,0.48999999990000004,1789183571430.0,low,1789183571280,1789183541280
0x679282632ad5165c40a1c92f8f685c900c40b7aae90919a08f0a9e2cfba2f667,62138886542349947727383917734900271693727390887619090371278030119339094438536,TAKER,btc,btc_5m,1789215900000,1789216200000,False,5.0,1.5,-1.5735,0.0,1789216008144.0,1789216011,0.3,1789216008104.0,low,1789216007954,1789215977954
0x6889fe60adaad58ebb5bf49820eaa5031a3fa9e09e03c73e83254d742aa04419,9324592005960892748657969910003165854032726686125040581127269920213219264326,TAKER,btc,btc_5m,1789228500000,1789228800000,True,152.011169,115.64000000289694,34.43435513834557,1.0,1789228684597.0,1789228687,0.7607335748,1789228684557.0,low,1789228684407,1789228654407
0x6d10257e88efb9a6059416b04ff30abb222b1c269c9fa06ec3da02d8bd2bf78f,54242320747918250268560569013932870184558802598555594492538382979123634062392,TAKER,btc,btc_5m,1789177200000,1789177500000,True,75.151895,59.36999699739367,14.90915904383551,1.0,1789177352038.0,1789177354,0.7899999993,1789177351998.0,low,1789177351848,1789177321848
0x6d86581b60ee02098b03579bcd66a3deec9043cec8ca0f95c1362378c67e5202,30874992683968087168193151709767653921281334909956777827658318896471001159260,TAKER,btc,btc_5m,1789300800000,1789301100000,False,25.0,14.499999999999998,10.073700000000002,1.0,1789300857344.0,1789300860,0.58,1789300857304.0,low,1789300857154,1789300827154
0x6e1f640a4f1d1d730c0c8c54f9da53ee331900231ceac0f64034b3fb9fe350d2,72964936153791231651899311505345884147494893849368575889925853091036041677567,TAKER,btc,btc_5m,1789326900000,1789327200000,False,40.0,23.599999999999998,15.722680000000002,1.0,1789326967798.0,1789326970,0.59,1789326967758.0,low,1789326967608,1789326937608
0x7072b3dbadf3ab1cb594defe9c971d6d06520711fb15ac1448df99417946dd04,38552303338820534027708699112326988975882410589193263662439079947793947532102,TAKER,btc,btc_5m,1789334700000,1789335000000,False,51.81,43.5204,7.802171520000002,1.0,1789334844637.0,1789334847,0.84,1789334844597.0,low,1789334844447,1789334814447
0x734c59faccefad8c091d4cbda012bb507807c06901c54224159a8883570c4f8b,14608145030707039735075287168151420482005763293472619151361173231492732576039,TAKER,btc,btc_5m,1789179900000,1789180200000,False,156.333334,112.55999999536668,41.56715798029862,1.0,1789180093557.0,1789180096,0.7199999969,1789180093517.0,low,1789180093367,1789180063367
0x7500b378f9e7405316caacfa5d36023d52b880c7bd58738a906ceb112fe8e539,74264417107143744513051385752732127775691550169980842545196115840221025798643,TAKER,btc,btc_5m,1789248300000,1789248600000,True,156.62857,109.63999899999999,44.68613102100001,1.0,1789248361899.0,1789248364,0.7,1789248361859.0,low,1789248361709,1789248331709
0x7591e7e29f1b1a37924c09c40895bc0ddd11c6bdbcb229be6e25622e32f5ec8c,94157176457756734077035866141110844342254932911119468694794598922679262440912,TAKER,btc,btc_5m,1789263900000,1789264200000,True,152.01,120.119999997303,30.126011607087126,1.0,1789264032828.0,1789264036,0.7902111703,1789264032788.0,low,1789264032638,1789264002638
0x75b151037571a51153cc3ae87479bc6be47bfcc45ea4d9a398e88bf4f56f6f22,54720561788947470156508691702077615408595456212781811847284222621392512923210,TAKER,btc,btc_5m,1789244100000,1789244400000,False,117.1,87.94600000378999,27.621306248435427,1.0,1789244219937.0,1789244223,0.7510333049,1789244219897.0,low,1789244219747,1789244189747
0x76f1358bf131e0ee56fbd99d97b917278324ae8084c922162e8a3df6f98857e3,70099075879734170289895475810342678776224135624239771752664398416860525281378,TAKER,btc,btc_5m,1789241100000,1789241400000,True,5.02,4.1666,0.8038174600000001,1.0,1789241350394.0,1789241353,0.8300000000000001,1789241350354.0,low,1789241350204,1789241320204
0x78f2eca04edbc0d2d1c6ca0a03ddb99ac8e76ea8f186750d541bb612cf7e82b7,99883806854827416318064292642022272115269277710522808132990819875735274818082,TAKER,btc,btc_5m,1789209300000,1789209600000,False,211.65,175.769499989865,33.794656267013124,1.0,1789209547744.0,1789209550,0.8304724781,1789209547704.0,low,1789209547554,1789209517554
0x79622c6b7543523c84b1a10b50910dbfd4c2af6edcb87575ad7528bf92f88a1c,85184808777037436796409070215673783815789887139198001546800747080036373569363,TAKER,btc,btc_5m,1789203000000,1789203300000,True,154.037385,99.12000000590496,52.443707684747515,1.0,1789203069194.0,1789203072,0.6434801526,1789203069154.0,low,1789203069004,1789203039004
0x7a65e37191dc49c344ce9ba7e4d82588da38ed6cc7154e8521abf77cd1dc1035,42105098025740265327159975369235168734138354845074757871073460248032765148746,TAKER,btc,btc_5m,1789187700000,1789188000000,True,5.0,4.25,0.7053750000000001,1.0,1789187869116.0,1789187872,0.85,1789187869076.0,low,1789187868926,1789187838926
0x7aaa2fbd2b9cdceac4996647815417bfd79529139ba1fe6b24297059ff476aed,96968797133955792346833067279008637498003916652022531511839410702918170820535,TAKER,btc,btc_5m,1789307700000,1789308000000,True,39.5,11.946700001349999,-12.530041030189867,0.0,1789307890886.0,1789307895,0.3024481013,1789307890846.0,low,1789307890696,1789307860696
0x7c4a8132aebeeee74c38267e39902d88922ee4d995fc82c4a7820af8d4ecfb09,67673593251286030840766935199301651903752841454128350457250059822165721637483,TAKER,btc,btc_5m,1789329600000,1789329900000,False,156.488532,115.63999900238267,38.7355302246312,1.0,1789329854358.0,1789329858,0.7389678817,1789329854318.0,low,1789329854168,1789329824168
0x7c6925c7b21593058bd07950638763d2140b231d803d71bccf3ef69f697c4f76,102006491162184492447901928585693100027989623380371710779271897084229430427591,TAKER,btc,btc_5m,1789322400000,1789322700000,False,14.53,12.2052,2.1881017600000003,1.0,1789322510875.0,1789322514,0.84,1789322510835.0,low,1789322510685,1789322480685
0x7ca61ee8fb9d8bdcbbe098c258ce71a85347e5bfad373619ca00c1310556893c,59598538078846719086528916646668806931005396245067610140677572117382876305342,TAKER,btc,btc_5m,1789260300000,1789260600000,True,40.3,32.340000000879996,7.512857368884311,1.0,1789260421694.0,1789260424,0.8024813895999999,1789260421654.0,low,1789260421504,1789260391504
0x7cdef28e40d8f72f91b8a017147080b23f9f7587cfd5c17f6248221ab6d7774b,1457930761738081916329909188510780436290099341427478751374064016055484933382,TAKER,btc,btc_5m,1789327500000,1789327800000,True,40.0,25.049999999999997,14.294629375000001,1.0,1789327647105.0,1789327650,0.62625,1789327647065.0,low,1789327646915,1789327616915
0x7d0abfae3cf7f506d4678e21096fe817123a94b2c5f6c8d5b58ed390dbb2b764,113650283829540376997926360584564401476261967145741492362926136406485168808644,TAKER,btc,btc_5m,1789230300000,1789230600000,True,343.804068,198.10000000607616,139.82723726679666,1.0,1789230524142.0,1789230528,0.5762002793,1789230524102.0,low,1789230523952,1789230493952
0x7fea3426a200e1a766a526be8fcbb543f540983569b620852218cd3a1141f2c1,1084400900696158163577653485520903991145569920956390856713496988256262223199,TAKER,btc,btc_5m,1789189800000,1789190100000,True,50.46,47.4324,2.8283839200000025,1.0,1789189903564.0,1789189906,0.9400000000000001,1789189903524.0,low,1789189903374,1789189873374
0x8219eca050f493394fb2fb5caffa87da9ce9bb96c782c14d49b22f5a6956257b,91870431892981402907210857014827539610355762730001094568301504935189641475547,TAKER,btc,btc_5m,1789230900000,1789231200000,False,336.69355,297.1799949895441,37.072211344674784,1.0,1789230980400.0,1789230984,0.8826423760999998,1789230980360.0,low,1789230980210,1789230950210
0x826378961aabe51c758709af9b5a815e3d289a99e3e1f7bc6e4ccf693c054077,30202134899966714358128357640840920150762260521383486837598815756235606531730,TAKER,btc,btc_5m,1789281300000,1789281600000,False,76.380425,69.91999100026949,6.046454317130819,1.0,1789281469035.0,1789281472,0.9154176741,1789281468995.0,low,1789281468845,1789281438845
0x829498f7f0349bc70e0f946d677bbddf2042de452d5aa4d8cb0df62c1f5aabb6,1306847087205579439818370961340939314519347244367423724336938539599028710990,TAKER,btc,btc_5m,1789232400000,1789232700000,True,5.02,4.3172,0.6604914399999999,1.0,1789232650554.0,1789232653,0.86,1789232650514.0,low,1789232650364,1789232620364
0x83a35ce7957d5a80e3bf09357d83b1eab375ef3c3cc9b38b02a1519e3d052e7a,7847990193899405690340560194623437591082069697864047320791285398252753601851,TAKER,btc,btc_5m,1789321800000,1789322100000,True,43.82,26.291999999999998,16.791824000000002,1.0,1789321848823.0,1789321851,0.6,1789321848783.0,low,1789321848633,1789321818633
0x84cceb364e5fda1c22fed9acc9cc13900cc5203caf240480d873fbcddd1b09c1,40874929469511279920883342870205400246734854363624102042076893428706646562632,TAKER,btc,btc_5m,1789329000000,1789329300000,False,1.77,1.5576,-1.57068384,0.0,1789329170235.0,1789329172,0.88,1789329170195.0,low,1789329170045,1789329140045
0x84f3467c2dd11d2fb832e9f64396ef5b3ab82eec279960b7d42bb754a8364b79,30560830786853985594402354727517528900301190441112196503615964516601680049516,TAKER,btc,btc_5m,1789299900000,1789300200000,False,0.29,0.26389999999999997,0.02443742999999999,1.0,1789300068999.0,1789300071,0.9099999999999999,1789300068959.0,low,1789300068809,1789300038809
0x8536a012790f7484e9809cdf6770302c6f551c4b580d486b8d2ed66a887a4429,29763741576724872791774905997692893138280931735072061295197939059687868261512,TAKER,btc,btc_5m,1789316700000,1789317000000,True,150.081392,129.0699969999349,-130.33488297776216,0.0,1789316791377.0,1789316794,0.8599999992,1789316791337.0,low,1789316791187,1789316761187
0x883037ccfb18f157ad5587a8bced42a28d488974723f60288d220a58caa46346,55221586157653409659196983882407920778435253448371848149525542718871083623159,TAKER,btc,btc_5m,1789239900000,1789240200000,True,154.09743,112.60999800141623,-114.73224607791633,0.0,1789240019426.0,1789240023,0.7307714217,1789240019386.0,low,1789240019236,1789239989236
0x88e5fa7a9fcfacbd1d5e9fc388602a418c241000e70c7b1864ccb220fd02c640,99526108411822674438608797846361534323615600971839666444312362984770134227767,TAKER,btc,btc_5m,1789204200000,1789204500000,False,167.94,7.338600000647999,-7.829854379531839,0.0,1789204453906.0,1789204456,0.0436977492,1789204453866.0,low,1789204453716,1789204423716
0x8a0499a08ee6f766d6bc1a7bf5ae0d4c1927173ca752806da7e8b95460bc6e1a,33966830381680849237770643502327219682073071330352131499817678413545622109978,TAKER,btc,btc_5m,1789220400000,1789220700000,True,8.74,3.6708,4.92016552,1.0,1789220443102.0,1789220446,0.42,1789220443062.0,low,1789220442912,1789220412912
0x8a9e4a039ac9ba4986ab969ed5136eba0e66f060d54c452804c46f0512dfb2a2,3691094245124483670937794730116629743435028369138806611915256553262610248840,TAKER,btc,btc_5m,1789323000000,1789323300000,False,5.886364,2.5899999998908996,-2.691528004817983,0.0,1789323095488.0,1789323099,0.4399999728,1789323095448.0,low,1789323095298,1789323065298
0x8b12e3a4b54a151400fa610ca56255329bd6b9e2ae125506ec55eb63a418f70c,99205994572861273989553826068684417846867154564109434604752724673130893575405,TAKER,btc,btc_5m,1789324200000,1789324500000,True,39.57,2.7699000000000003,36.61977951,1.0,1789324428284.0,1789324431,0.07,1789324428244.0,low,1789324428094,1789324398094
0x8ba5bbd6a75de01c130abdc949773bda712f212d51fc44286b04c20308d555ea,98780103202601233338934080820792850018428692479044065137934852003846300251415,TAKER,btc,btc_5m,1789264500000,1789264800000,True,271.724652,110.17999998715646,156.95938794571347,1.0,1789264692396.0,1789264695,0.4054840044,1789264692356.0,low,1789264692206,1789264662206
0x8e790a39ac114bef899d9ac969ae3aba3517b69eee8fb673b80d46b4d114a12e,106021118982747177891655304019929786180215391070404779935049212715150617772627,TAKER,btc,btc_5m,1789261800000,1789262100000,True,145.11,76.55719999918202,66.02110177594267,1.0,1789261852721.0,1789261855,0.5275804562,1789261852681.0,low,1789261852531,1789261822531
0x8e98ada5ad63d8a6d9a0683c421776ec8774af5420b16694730af7472e165e4d,62138886542349947727383917734900271693727390887619090371278030119339094438536,TAKER,btc,btc_5m,1789215900000,1789216200000,False,133.17,63.92159999999999,-66.24834623999999,0.0,1789216020805.0,1789216023,0.48,1789216020765.0,low,1789216020615,1789215990615
0x8f2903066d14b085ae88fda71a6f437ff65199d0d6cfe8d82f311ef75eeb7439,47145876858339118753310361281444051158617927445673074036546084624587637856221,TAKER,btc,btc_5m,1789179900000,1789180200000,True,79.18,41.17360000000001,-42.55703296000001,0.0,1789179968460.0,1789179972,0.52,1789179968420.0,low,1789179968270,1789179938270
0x9323c43836deb575a88d0e577c290589039c023113c0c76fcf14d9e19a05f6c0,47500199535541594715034448400615842372818722142084923933495166200422324467782,TAKER,btc,btc_5m,1789189200000,1789189500000,True,194.106112,69.07000000268359,-72.18446709334023,0.0,1789189264887.0,1789189267,0.3558362964,1789189264847.0,low,1789189264697,1789189234697
0x93622cabbf516d11da5a60c159a6a9839cd081bd7a2c35b5231956f8170f98e6,103388987688246463961101155384435392794665191972051115695791013330825792950423,TAKER,btc,btc_5m,1789175400000,1789175700000,True,153.555553,108.12999799493028,43.18642685049771,1.0,1789175493555.0,1789175496,0.7041751072,1789175493515.0,low,1789175493365,1789175463365
0x9386366386f89a2aafd7631381365377ba2f30fc7f1da20de283f5ec1d028a90,68440983403178740576206286945754070385776170144526212128118005934185628612517,TAKER,btc,btc_5m,1789311000000,1789311300000,False,39.0,28.08,10.369632000000001,1.0,1789311092453.0,1789311094,0.72,1789311092413.0,low,1789311092263,1789311062263
0x95d17172b6fe0296b57b371e72bce0b4f8cd7fb6fb7b77448c736c4dd1934e17,70466509348141129258848968001917040475617996710972238892066986061613960614726,TAKER,btc,btc_5m,1789245000000,1789245300000,False,153.373878,73.59000000514885,77.10421248659794,1.0,1789245185657.0,1789245189,0.479807911,1789245185617.0,low,1789245185467,1789245155467
0x98fb4fb7797f7cbffa109b31a47cf96e3123063cf1ee3cabb84b3ae7b1e671d3,66470703782957531858372714243550951350561163166226832606588087537229447900394,TAKER,btc,btc_5m,1789218600000,1789218900000,True,50.88,10.176000000000002,-10.745856000000002,0.0,1789218654435.0,1789218657,0.20000000000000004,1789218654395.0,low,1789218654245,1789218624245
0x9b343b9b8c5739b2cfc0c01599811ef4eb817a8c0022a075d00a7f970ac7d70a,51818366426237450590508195443689040905230824301370435142211777216202284013803,TAKER,btc,btc_5m,1789284300000,1789284600000,False,100.0,85.0,14.107500000000002,1.0,1789284422001.0,1789284424,0.85,1789284421961.0,low,1789284421811,1789284391811
0x9b582d28207dda9b0e4ec2248fe7d561bfcacfc97ded45a1b93d9a0008551c8b,81101172885824006272145987952745528417708443945081308445565531943892079296270,TAKER,btc,btc_5m,1789310400000,1789310700000,False,100.3,90.27,9.398109999999997,1.0,1789310455927.0,1789310458,0.9,1789310455887.0,low,1789310455737,1789310425737
0x9d40ff208efc221a01c7e6bf04315dbbdd3ba06d9c75a668ca4f3fcc58a63e66,71257465734809378113774341100643691179475564540019119286224527737647185754859,TAKER,btc,btc_5m,1789280100000,1789280400000,False,290.05,243.642,43.67920960000001,1.0,1789280146696.0,1789280149,0.84,1789280146656.0,low,1789280146506,1789280116506
0x9eee7f3a611cd756741904920fd9ab974131e8468863e3ec14d4f61e08631647,80393455842399715418377378050565715833249056052515375031363690660168518097319,TAKER,btc,btc_5m,1789209900000,1789210200000,True,95.0,61.75,-63.262875,0.0,1789209970523.0,1789209973,0.65,1789209970483.0,low,1789209970333,1789209940333
0xa25eeb03403b297245b703ab6501cd4ed2a7570e488b2f761fdc9ff67cc235d3,22601804937894564108123256101354723712509790253913257562418214191995780023602,TAKER,btc,btc_5m,1789289400000,1789289700000,False,71.0,66.74,3.979692000000003,1.0,1789289622148.0,1789289625,0.94,1789289622108.0,low,1789289621958,1789289591958
0xa2723d026f92946b44533add5d89b1d49ead409c77eb18956e136d17cb5129f0,24327072302958646363889742794295516526462019826372352895620998416565829147873,TAKER,btc,btc_5m,1789296000000,1789296300000,False,152.186664,114.139998,36.049216035,1.0,1789296035495.0,1789296039,0.75,1789296035455.0,low,1789296035305,1789296005305
0xa296137756b09e9a2f079a4eed1db33f6ebee9b8ec333ac1f4f33a0a73d97b88,99062903348287050911691097728108672140592172423175060681026079663864896604105,TAKER,btc,btc_5m,1789206000000,1789206300000,True,397.628334,20.03999998528805,-21.372100515545995,0.0,1789206238682.0,1789206241,0.0503988229,1789206238642.0,low,1789206238492,1789206208492
0xa562a5b6d403c40907a1d353827ffb61f7fdaa89123e0fb1b47f779981c2fa7e,17780378363286621566376500600161106942295769241389304867409998926816829787041,TAKER,btc,btc_5m,1789303500000,1789303800000,False,150.160915,130.6399960049517,18.332095028659776,1.0,1789303610336.0,1789303614,0.8699999997,1789303610296.0,low,1789303610146,1789303580146
0xa702a35ea4683d7ad65d3f57de56d3cc27fcd4289422ac8b4d5e806b1034d91b,106964021178146602764394925971047262464160754604273417623387141670394782426273,TAKER,btc,btc_5m,1789239600000,1789239900000,False,12.24,3.7944,-3.97766952,0.0,1789239796825.0,1789239799,0.31,1789239796785.0,low,1789239796635,1789239766635
0xa9b6339d5fc2d9e063e9eaa5e4eed5cbd47a50d5cb3892be704e2e4e7a221663,49427938372795411688155483784930948885067383790368870122619762667209071727197,TAKER,btc,btc_5m,1789240500000,1789240800000,False,155.241619,112.61999799333807,40.45723182274715,1.0,1789240563044.0,1789240566,0.7254497777,1789240563004.0,low,1789240562854,1789240532854
0xad449b0fb0dafcbdb9b75a62bb91cb6b49c860b4c098c8053af045d009ba7baa,9613037541876343659629979803438288207830914811639754407582395316524327570967,TAKER,btc,btc_5m,1789217700000,1789218000000,False,138.52,59.5636,-61.940187640000005,0.0,1789217883743.0,1789217886,0.43,1789217883703.0,low,1789217883553,1789217853553
0xad76bf9b0f2bae9ce2bb299260b83f0825cf3939fa75f79aefdd1dd77ade84ae,64997364694113661429375432652771187216563759644802859304882160635518675202671,TAKER,btc,btc_5m,1789196100000,1789196400000,False,122.75,72.994999997525,47.68387466028333,1.0,1789196151896.0,1789196154,0.5946639511,1789196151856.0,low,1789196151706,1789196121706
0xadb004449563e0d367492a8685a6f7dfe26d47ee07772aa8e35cffd7f204a86f,102006491162184492447901928585693100027989623380371710779271897084229430427591,TAKER,btc,btc_5m,1789322400000,1789322700000,False,50.0,39.1,10.303334,1.0,1789322510046.0,1789322512,0.782,1789322510006.0,low,1789322509856,1789322479856
0xadd86bdca95f2fe5a7523cf1bde178cd7a5784f1c703008cf35f8ba6e81110f7,91613063685283386454462483901354172346636445363088212410515593155850708253559,TAKER,btc,btc_5m,1789215900000,1789216200000,True,13.05,7.169299999875,5.654551710798466,1.0,1789215947601.0,1789215951,0.5493716475,1789215947561.0,low,1789215947411,1789215917411
0xb2c55aa0c29d0c2c719f63fde7cb98988e7a5f4dca0ea779296130ada810f31f,90098742040140230248094947231271551031348566350127544717957478873566297989575,TAKER,btc,btc_5m,1789258200000,1789258500000,False,38.9,30.342,8.090733199999999,1.0,1789258330701.0,1789258333,0.78,1789258330661.0,low,1789258330511,1789258300511
0xb46adec766f2c83f641414de090a1ab7f599e23cbf14f9ba22fe69efc0a806e6,19428633197466935076419546906182489233353836022009226403669939486208362585291,TAKER,btc,btc_5m,1789174500000,1789174800000,False,6.75,2.7,3.9366,1.0,1789174550050.0,1789174552,0.4,1789174550010.0,low,1789174549860,1789174519860
0xb4acc4f7cd38dd05748f8680521a67cd5aaa6f00bd37a987f5c60b1e42d31c37,48761392263097644425073532158272806298075565196864426892523273602768076939815,TAKER,btc,btc_5m,1789216500000,1789216800000,True,11.34,10.6596,0.6356296800000005,1.0,1789216711523.0,1789216714,0.94,1789216711483.0,low,1789216711333,1789216681333
0xb4cbb492fc1fe3ff61e09a0cce3d6fb8ed91769beab2f5e6651d9de78aecacf8,15683515301775379965225057334510341061523960743154994461472534910650695201206,TAKER,btc,btc_5m,1789223700000,1789224000000,True,150.188233,127.65999800494352,21.187805013323707,1.0,1789223888187.0,1789223890,0.8499999997,1789223888147.0,low,1789223887997,1789223857997
0xb5bca52b5a4e109535dc63866731a030b1bfa08f17c734a03387660d8477a3ac,72225747095801907569199132256674482261995354151110801565612994552323082909868,TAKER,btc,btc_5m,1789204500000,1789204800000,True,87.18,68.00040000000001,18.13239384,1.0,1789204574205.0,1789204576,0.7800000000000001,1789204574165.0,low,1789204574015,1789204544015
0xb5fd02fb348782976f113b62d852033af07209cc5a4e6fab3939c88b1ddd68ce,68777804942405578563762782249207001986887773875164166335589525456114158622909,TAKER,btc,btc_5m,1789200600000,1789200900000,True,142.72,106.323299993152,-108.22133255867345,0.0,1789200753727.0,1789200757,0.7449782791,1789200753687.0,low,1789200753537,1789200723537
0xb60dc8489078bf9d69462771fafed6b8019d32ebcdf69f89581167ebd645839b,109518231586518854720109749486241009097121527926714107066055906243026620038676,TAKER,btc,btc_5m,1789214400000,1789214700000,False,314.647085,243.1499969982582,67.62952898300644,1.0,1789214533996.0,1789214538,0.7727705375,1789214533956.0,low,1789214533806,1789214503806
0xb75add3d26a987cb2bfec1497d264da0bc47a9ccc52b7cc7189cf9590755bc24,47620736614885824211726233543644867084528797017294343505120536628400288638727,TAKER,btc,btc_5m,1789267200000,1789267500000,True,166.476742,141.1599980080438,23.81407278276574,1.0,1789267451038.0,1789267455,0.8479262407,1789267450998.0,low,1789267450848,1789267420848
0xb796a0348923e0c6c24463e61e80fe8fdcb9bdf2a76175f777081d47bfcfb505,35543238785337326011372653532944896504733364685854624162666794180577734900529,TAKER,btc,btc_5m,1789279800000,1789280100000,True,84.26,75.56080000187401,8.153124804838209,1.0,1789280013181.0,1789280016,0.8967576549000001,1789280013141.0,low,1789280012991,1789279982991
0xb8bde2ff2b2abf29674d6f2199137e37bb635cc832f42d2f17a2b9601afbc9fe,23230274150357300940084257849435300236385600334728040049882851698472980631107,TAKER,btc,btc_5m,1789265700000,1789266000000,True,308.813291,264.14999600888973,41.98903624764446,1.0,1789265877866.0,1789265881,0.8553712022999999,1789265877826.0,low,1789265877676,1789265847676
0xba613b45a0c96038b72ac8e718a4463b32bedb94f528f1dae19f263496262a96,97003112775208217216556152585025496555149554907264670982095555399729831265058,TAKER,btc,btc_5m,1789280700000,1789281000000,True,327.568175,285.1599940066978,39.82393066235367,1.0,1789280929054.0,1789280932,0.8705363211999999,1789280929014.0,low,1789280928864,1789280898864
0xbdbccd4aab022c15d8f2d4fed311accc10b58693f425af2cd618b313331a9d72,67187782782627018526592280576993967399944610443139185743833278453649547111890,TAKER,btc,btc_5m,1789284600000,1789284900000,False,150.141022,117.10999699484488,31.227531042417034,1.0,1789284650795.0,1789284654,0.7799999989,1789284650755.0,low,1789284650605,1789284620605
0xc189351bcf5d9ea53638bc2747fe36c9c074fcfb2c66e55ee0ac64e9406ffa4c,49185371725953460060158257078189813336781481805900137907695802318923539818587,TAKER,btc,btc_5m,1789185600000,1789185900000,True,253.149423,217.83999799486705,33.18251375769051,1.0,1789185732936.0,1789185736,0.8605194332,1789185732896.0,low,1789185732746,1789185702746
0xc1b981d684057037d88453583d104de9c797b075d7f8b7ecc9ac43a55406e564,39906363729672210509066639633216299337240175330399225855342947189422587808023,TAKER,btc,btc_5m,1789304400000,1789304700000,False,150.182785,139.66999000494516,9.828412041097529,1.0,1789304596578.0,1789304599,0.9299999997,1789304596538.0,low,1789304596388,1789304566388
0xc5ff344b33c263c9c702491819337d0b1fb4267494fcc303af714f8573c60992,106021118982747177891655304019929786180215391070404779935049212715150617772627,TAKER,btc,btc_5m,1789261800000,1789262100000,True,152.40625,97.54,52.408242,1.0,1789261947903.0,1789261951,0.64,1789261947863.0,low,1789261947713,1789261917713
0xc8ad4f4808f7e78a030f322d1cdaad61637017434fa82967edacd2439cfd5d90,23882058053349894809805474899584189093506059624958610321852245723360645894606,TAKER,btc,btc_5m,1789180500000,1789180800000,False,20.22,13.5474,6.35965506,1.0,1789180539078.0,1789180542,0.67,1789180539038.0,low,1789180538888,1789180508888
0xcb7f99e90b9fc164272f1db2ad878599e5137f8d4598a58e1e7909b80b32579d,1306847087205579439818370961340939314519347244367423724336938539599028710990,TAKER,btc,btc_5m,1789232400000,1789232700000,True,245.41,19.531199990049,224.62042471491225,1.0,1789232649052.0,1789232652,0.0795859989,1789232649012.0,low,1789232648862,1789232618862
0xcc9a24782bf660d95e5d3b20a2ff47d7ce2ae5b21bb7ca02c66b9381a13bf1ae,29763741576724872791774905997692893138280931735072061295197939059687868261512,TAKER,btc,btc_5m,1789316700000,1789317000000,True,150.188233,127.65999800494352,-129.00042798667627,0.0,1789316790819.0,1789316793,0.8499999997,1789316790779.0,low,1789316790629,1789316760629
0xccbd72a5b005d293fdd5452221b3bb11b08beb87b35d6875ee6639839cc5bf52,15862252865934176965989300534778839485662903451086244789148172343174511876230,TAKER,btc,btc_5m,1789326000000,1789326300000,True,38.85,31.857,6.591601800000002,1.0,1789326129246.0,1789326132,0.82,1789326129206.0,low,1789326129056,1789326099056
0xcd23de3e00e8251433b6e3497b0590205a94686a321a425321d0ffe1cb874a9c,112469763418614975524756275961206403482921241740040781907927684551143237459052,TAKER,btc,btc_5m,1789179000000,1789179300000,False,143.78,51.885199994446,89.57348545991731,1.0,1789179242771.0,1789179246,0.3608652107,1789179242731.0,low,1789179242581,1789179212581
0xcebaaff6063d603187aaedfae3c6346b967adcde746775111c818e685113aaf8,71355766033283838764100830903069220358053479221552590248944066504378321047732,TAKER,btc,btc_5m,1789244700000,1789245000000,False,261.12857,182.789999,-186.628588979,0.0,1789244771458.0,1789244773,0.7,1789244771418.0,low,1789244771268,1789244741268
0xcf66fa327873c136464d3921975c597567ea102c7b42e0b486cd772c830c35bf,2990953109204487299356374730957286051352454344306784896959905307201305297664,TAKER,btc,btc_5m,1789176300000,1789176600000,False,155.098361,94.6099999928623,57.90550799806079,1.0,1789176393425.0,1789176396,0.6099999986,1789176393385.0,low,1789176393235,1789176363235
0xcfb4a93cfe52d4a2328437872cdde0d77640fad926af2604422c4eaaf64bb656,59452319943284804260421894561637398727314927272683783516657195030425356468707,TAKER,btc,btc_5m,1789332900000,1789333200000,True,161.884616,42.040000008036856,-44.21858093019546,0.0,1789333111197.0,1789333114,0.2596911371,1789333111157.0,low,1789333111007,1789333081007
0xd197336570f743d9a329467aa21b5978c00d55db19c7c9c9b3ef874acf31f90a,70176912283144702849928974969561105084986960063432716405314329999909762816452,TAKER,btc,btc_5m,1789302600000,1789302900000,False,165.76,103.59960000454399,59.44089299560309,1.0,1789302651825.0,1789302655,0.6249975869,1789302651785.0,low,1789302651635,1789302621635
0xd23ab130ee3203cfd58629769b2cec02f538278dff98763bf897a6528b62d511,47029545582046798614660558175137785442783796517031290631960672352206023020729,TAKER,btc,btc_5m,1789264500000,1789264800000,False,5.0,4.4,-4.43696,0.0,1789264659458.0,1789264662,0.8800000000000001,1789264659418.0,low,1789264659268,1789264629268
0xd53f7916e29f6dc34ecce6d9c3deef34d58ce0660a4cabe5078400dc1a723b8d,42578211012582474967528261483878860187992458442645092254795640949085747715100,TAKER,btc,btc_5m,1789222200000,1789222500000,False,80.7439,65.40999800010212,14.464370865777585,1.0,1789222261059.0,1789222264,0.8100921308000001,1789222261019.0,low,1789222260869,1789222230869
0xd603286ee1e213b77273d1858d0a8e4c58fec9cd810755e63276d9c62a83db32,42578211012582474967528261483878860187992458442645092254795640949085747715100,TAKER,btc,btc_5m,1789222200000,1789222500000,False,78.106023,64.65999900182716,12.666834499803063,1.0,1789222260974.0,1789222264,0.8278490764,1789222260934.0,low,1789222260784,1789222230784
0xd7406e230280757c8ce4c83251193d572d0dd7cc13624b60f1783a19aef44d82,42080872678034396968984886136063831082624753591040015964094709858726858404104,TAKER,btc,btc_5m,1789248600000,1789248900000,True,162.03947,123.14999700555263,36.82055303440948,1.0,1789248686555.0,1789248690,0.7599999988,1789248686515.0,low,1789248686365,1789248656365
0xd81bd96e48deb56e04b709cd8089d6a74b44cb51bc6b9e1ca7fc83522dfc67c4,91870431892981402907210857014827539610355762730001094568301504935189641475547,TAKER,btc,btc_5m,1789230900000,1789231200000,False,4.58,3.3434,1.17340974,1.0,1789230980246.0,1789230984,0.73,1789230980206.0,low,1789230980056,1789230950056
0xd8b8e77b6b3e826b3aca7501d7208bea976d1cd03baa3f027656f6ff68a9015d,34774195827875989655443715271354328811009371074759203109468853202149183063929,TAKER,btc,btc_5m,1789234800000,1789235100000,True,115.59,83.568899998149,30.400563906410394,1.0,1789234994563.0,1789234996,0.7229769011,1789234994523.0,low,1789234994373,1789234964373
0xd8bd8a0b58612c074743e30874b48c384c0e22ba1d629b66ec595a72307ee80e,81089695477562730613850766618648255570194812368438172199599953433302441718453,TAKER,btc,btc_5m,1789267800000,1789268100000,True,126.0,5.2599999942,-5.612829104939009,0.0,1789267993139.0,1789267996,0.0417460317,1789267993099.0,low,1789267992949,1789267962949
0xdaf648c5be1dc73ee4a64bc53d6649c644d392f8a7f94e0be94c916bb1d1c23f,95362248336942467209755418367405239505732966133545456942342982695092026823766,TAKER,btc,btc_5m,1789245300000,1789245600000,False,74.83,44.997999998392,28.57626535612214,1.0,1789245393193.0,1789245396,0.6013363624,1789245393153.0,low,1789245393003,1789245363003
0xdb20c719e47c29e0e5c2e9095b3cb63816e63fc839e72d688f04b8fa4a91bbab,114561314213095864318368207805149583943127740266077886015681353160272044618476,TAKER,btc,btc_5m,1789296600000,1789296900000,False,154.3625,123.13999999568875,29.478995555188323,1.0,1789296648262.0,1789296651,0.7977326099,1789296648222.0,low,1789296648072,1789296618072
0xddd42b59326f86a2c315d29bcae6f22e17bd14e5e916dcf59b8ed13fd8daabbf,22652901124087311758110319524521907875159894565667430615401452734561412397105,TAKER,btc,btc_5m,1789302300000,1789302600000,False,154.769231,100.59999999523077,51.70453099784407,1.0,1789302481565.0,1789302484,0.649999999,1789302481525.0,low,1789302481375,1789302451375
0xe0a824757adcafab23d1da6386ebca784b5823a490024169666ae666a072aa37,41658518941901876693385634004886343138768732027771106494683720689844006051034,TAKER,btc,btc_5m,1789221600000,1789221900000,True,152.23611,109.60999900209305,40.47775500749142,1.0,1789221772649.0,1789221777,0.7199999987,1789221772609.0,low,1789221772459,1789221742459
0xe1196574d5bc4696e0f04d1458dccf5a3136686dc3c8b76212225d11c0cd2e71,94173680085095643718564486490230242981323918060095682108058775874273005180408,TAKER,btc,btc_5m,1789249200000,1789249500000,True,5.02,4.6686,0.3285238599999997,1.0,1789249457866.0,1789249461,0.93,1789249457826.0,low,1789249457676,1789249427676
0xe3a26f341ac7746a2eaf6bef9f8d221caa9bcb76ecc16d78894df288c0196658,7344207562269082546169943770490466510923337700393683468523828280221214914382,TAKER,btc,btc_5m,1789249500000,1789249800000,True,307.256736,273.16999500652884,31.96537744201993,1.0,1789249725336.0,1789249728,0.8890610457,1789249725296.0,low,1789249725146,1789249695146
0xe5a641c31f708beeb94294a43319bc32ae578baddf4fc5f5d8be6fe59f887e2b,70409932488511603763749008122456313526702552521505500910184318774963667023868,TAKER,btc,btc_5m,1789208100000,1789208400000,False,17.58,14.717199999461998,2.6950373150063482,1.0,1789208258117.0,1789208260,0.8371558589,1789208258077.0,low,1789208257927,1789208227927
0xe6abf7a113e49016404fbc0870acd0d911fd3697cf4f0105ccbf666ba0ecf5a9,4199740054223625955645177843641244740209510253136864342469034546217129943104,TAKER,btc,btc_5m,1789203300000,1789203600000,False,115.74,89.16929999569798,25.137743806059817,1.0,1789203381433.0,1789203384,0.7704276826999998,1789203381393.0,low,1789203381243,1789203351243
0xe9d8fcb55116a8edf158d809a008f552b1ad9ac84d6926c7f773b607fb0d01f7,89943935033713714521337227095329584905094387128374416950608656287766323612821,TAKER,btc,btc_5m,1789299300000,1789299600000,True,151.306507,129.15999600610596,20.823163882282817,1.0,1789299331022.0,1789299334,0.8536314701000001,1789299330982.0,low,1789299330832,1789299300832
0xea7b5948840a03eea56fe82c8847bb32a94cf19594316e54b9c3f0f4d251da98,43632360116215937073860040736810645055184561669849954807633498206232272960880,TAKER,btc,btc_5m,1789287900000,1789288200000,False,155.117715,52.550000005670356,100.13539873923685,1.0,1789288068657.0,1789288072,0.3387749749,1789288068617.0,low,1789288068467,1789288038467
0xed99f14eacb22e30b07399f34710509cf1f967fc78b56fadbf2920500ffdddef,33293622172026486171111161711892917631849312454707949079769009270667978900036,TAKER,btc,btc_5m,1789259100000,1789259400000,True,4.87,4.3343,0.5023258899999999,1.0,1789259247578.0,1789259250,0.8899999999999999,1789259247538.0,low,1789259247388,1789259217388
0xeed3df16b1fe82955d63e8967456350f101263cce3e7b9cedaeff4c7ce3c974a,65730567372539437637622916190397313133699938233996717611411906464224087055613,TAKER,btc,btc_5m,1789210500000,1789210800000,False,74.9,29.960000000000004,-31.218320000000006,0.0,1789210594693.0,1789210597,0.4,1789210594653.0,low,1789210594503,1789210564503
0xef4d0faa8f97af23f859a7a0afd06ac57610d4e5006ae461a32474a5a447ca97,60435075176793228569182851747167160227038592226328369397917337151175162390865,TAKER,btc,btc_5m,1789246500000,1789246800000,False,150.166667,54.05999999986666,-56.48188800288805,0.0,1789246691956.0,1789246695,0.3599999992,1789246691916.0,low,1789246691766,1789246661766
0xf140ab6c7a8dc32a5809cf46085afb4651350acc8bc5f147008290648671560a,110808933629433780284545327310206845421978373763626751292353851257927891279006,TAKER,btc,btc_5m,1789241100000,1789241400000,False,146.0,124.1,-125.40305,0.0,1789241213103.0,1789241215,0.85,1789241213063.0,low,1789241212913,1789241182913
0xf8b366d648949d85ba9b62c86efd28c655eec2509494fcf18b504406783427df,51771722561652639433212772312785544616870414747876884110317731804206059789316,TAKER,btc,btc_5m,1789308600000,1789308900000,True,190.33,161.78050000000002,26.850804750000005,1.0,1789308773179.0,1789308777,0.8500000000000001,1789308773139.0,low,1789308772989,1789308742989
0xf92ce756a470771d81b1ac018db620eb6de99a7d0b770390dc72d95f16dd8d47,99205994572861273989553826068684417846867154564109434604752724673130893575405,TAKER,btc,btc_5m,1789324200000,1789324500000,True,73.32,2.1995999999999998,70.97104715999998,1.0,1789324445492.0,1789324449,0.03,1789324445452.0,low,1789324445302,1789324415302
0xfa0ee401771472329bf10f4e493e7a34fa7e8b2c0b796f1c10088104b9e3923f,15649801576376707953506844345791115354792097950409471518475436066447764785653,TAKER,btc,btc_5m,1789212900000,1789213200000,True,25.0,20.5,4.241700000000001,1.0,1789212982738.0,1789212985,0.82,1789212982698.0,low,1789212982548,1789212952548
0xfbbf0df6a4c85cda9f4ca221cbf1e05697067eca987201bbaca95bcbe9f440ef,73378027918499138314354532360429187749930960247155795757874335458100596001343,TAKER,btc,btc_5m,1789212600000,1789212900000,True,117.64,79.99520000000001,35.852907519999995,1.0,1789212770725.0,1789212774,0.68,1789212770685.0,low,1789212770535,1789212740535
0xfd21c56592dbc23f5bd68e7f6e782a9ab7f07f561d8c868d71b4f35e14c7acf8,77022709883629982569421111965222885632027026843268712055242676917801837103280,TAKER,btc,btc_5m,1789298100000,1789298400000,True,154.30137,112.64000000741918,39.532473987709714,1.0,1789298132877.0,1789298136,0.7299999994,1789298132837.0,low,1789298132687,1789298102687
0xfd23d89dae54d36d8d03b828f9a5ef1c5c552d36a4af08a8fe2931d14b5fcbec,77793482519790330525374679896846098182644337491702836788773538832154292913338,TAKER,btc,btc_5m,1789230600000,1789230900000,True,319.19831,216.1199999944609,98.19291476316506,1.0,1789230689471.0,1789230693,0.6770712539,1789230689431.0,low,1789230689281,1789230659281
0xfe08b47ba99635269f6faf37428adca5184a2225c44fd61eb1feb98ca2aaf1f5,55158857794152703800753168584150024912946481092135867568353175569922391842081,TAKER,btc,btc_5m,1789294200000,1789294500000,True,30.0,9.0,-9.441,0.0,1789294388194.0,1789294390,0.3,1789294388154.0,low,1789294388004,1789294358004
0xfe658ae05b60d6ce2bf345b819958cd8ed3107b7de1e715e1bf23f28811403ca,56989302396248557965972180053633672114656464447769396540897801308745728745950,TAKER,btc,btc_5m,1789248300000,1789248600000,False,75.04,18.76,-19.7449,0.0,1789248404606.0,1789248408,0.25,1789248404566.0,low,1789248404416,1789248374416
0xff9e3005cd4f50cf27d62c74ba3471335b3cd6320efdd84f3da71df195d493cc,35671368061524313567228745688403453977278809354844446359125114528998110368879,TAKER,btc,btc_5m,1789174800000,1789175100000,False,150.663037,138.14999399452708,11.709877348297484,1.0,1789174963748.0,1789174966,0.9169468288000001,1789174963708.0,low,1789174963558,1789174933558
