baseline,added,train_rows,test_rows,base_auc,augmented_auc,delta_auc,base_logloss,augmented_logloss
binance_agg_T,binance_agg_E,112,80,0.83125,0.8203125,-0.010937500000000044,0.5243640520823624,0.5219846469873263
binance_agg_T,binance_agg_recv,98,74,0.8378378378378378,0.8217677136596057,-0.01607012417823217,0.5227644115769858,0.5684617949920031
binance_agg_T,binance_spot_btc_event,124,90,0.8367901234567902,0.8654320987654323,0.028641975308642098,0.5128052170455835,0.48071609065932014
binance_agg_T,binance_spot_btc_recv,122,88,0.8331611570247934,0.8362603305785123,0.0030991735537189147,0.5151674459587654,0.49551567129668794
binance_agg_T,bybit_perp_event,124,90,0.8367901234567902,0.8706172839506172,0.03382716049382706,0.5128052170455835,0.5122558801410875
binance_agg_T,bybit_perp_recv,122,90,0.8367901234567902,0.905679012345679,0.06888888888888889,0.5099730547342635,0.47819309119617603
binance_agg_T,bybit_spot_event,124,88,0.8354855371900826,0.8047520661157024,-0.03073347107438018,0.51885513908794,0.5498922671818134
binance_agg_T,bybit_spot_recv,124,90,0.8367901234567902,0.8404938271604938,0.0037037037037036535,0.5128052170455835,0.48838540189016566
binance_agg_T,coinbase_perp_event,124,90,0.8367901234567902,0.7975308641975307,-0.03925925925925944,0.5128052170455835,0.5376336969350839
binance_agg_T,coinbase_perp_recv,124,90,0.8367901234567902,0.8340740740740742,-0.002716049382715968,0.5128052170455835,0.5091783495320787
binance_agg_T,coinbase_spot_event,124,90,0.8367901234567902,0.7812345679012346,-0.05555555555555558,0.5128052170455835,0.5565961309197128
binance_agg_T,coinbase_spot_recv,122,90,0.8367901234567902,0.8197530864197531,-0.017037037037037073,0.5099730547342635,0.5046992030363927
binance_agg_T,kraken_perp_event,124,90,0.8367901234567902,0.8219753086419752,-0.014814814814814947,0.5128052170455835,0.5180873274104085
binance_agg_T,kraken_perp_recv,124,90,0.8367901234567902,0.8404938271604938,0.0037037037037036535,0.5128052170455835,0.5063543177450794
binance_agg_T,kraken_spot_event,80,66,0.8246097337006426,0.8443526170798897,0.019742883379247123,0.540829155360663,0.5257157639273018
binance_agg_T,kraken_spot_recv,78,62,0.829344432882414,0.8054110301768991,-0.023933402705514917,0.5413519664747832,0.5312916975908789
binance_agg_T,okx_perp_book_event,124,90,0.8367901234567902,0.8316049382716049,-0.005185185185185293,0.5128052170455835,0.5071328216968407
binance_agg_T,okx_perp_book_recv,122,88,0.8553719008264462,0.8409090909090908,-0.01446280991735538,0.49169120428162216,0.5053478985522555
binance_agg_T,okx_spot_book_event,124,90,0.8367901234567902,0.8162962962962963,-0.02049382716049386,0.5128052170455835,0.5295504609221989
binance_agg_T,okx_spot_book_recv,124,86,0.8539751216873985,0.8501892915089238,-0.0037858301784747805,0.4928811021227801,0.4897784104556497
binance_agg_recv,binance_agg_T,98,74,0.8170197224251279,0.8217677136596057,0.0047479912344777775,0.5840966924305978,0.5684617949920031
binance_agg_recv,binance_agg_E,102,86,0.8031368307193079,0.8028664142779882,-0.00027041644131964304,0.6344366576048032,0.5594440902913987
binance_agg_recv,binance_spot_btc_event,110,94,0.7861023087369851,0.8508374830239929,0.06473517428700781,0.6361145513595525,0.5747186555567744
binance_agg_recv,binance_spot_btc_recv,108,92,0.8003308128544424,0.8017485822306238,0.0014177693761814325,0.5805374510967123,0.5711014330288949
binance_agg_recv,bybit_perp_event,110,94,0.7861023087369851,0.8646446355817112,0.07854232684472617,0.6361145513595525,0.5567018364242788
binance_agg_recv,bybit_perp_recv,108,94,0.7861023087369851,0.7211407876867361,-0.064961521050249,0.6359728676988093,0.6389042742036037
binance_agg_recv,bybit_spot_event,110,92,0.7842627599243857,0.850189035916824,0.06592627599243839,0.6424728237942378,0.5965193109187493
binance_agg_recv,bybit_spot_recv,110,94,0.7861023087369851,0.7793119058397465,-0.006790402897238534,0.6361145513595525,0.6567439678416925
binance_agg_recv,coinbase_perp_event,110,94,0.7861023087369851,0.7498868266183794,-0.0362154821186057,0.6361145513595525,0.6305869920313126
binance_agg_recv,coinbase_perp_recv,110,94,0.7861023087369851,0.7870076957899502,0.0009053870529651675,0.6361145513595525,0.6824917429515175
binance_agg_recv,coinbase_spot_event,110,94,0.7861023087369851,0.7172928927116342,-0.06880941602535084,0.6361145513595525,0.6333250242060455
binance_agg_recv,coinbase_spot_recv,108,94,0.7861023087369851,0.7842915346310548,-0.001810774105930224,0.6359728676988093,0.6476615109273388
binance_agg_recv,kraken_perp_event,110,94,0.7861023087369851,0.8270710728836578,0.04096876414667272,0.6361145513595525,0.6006832595746456
binance_agg_recv,kraken_perp_recv,110,94,0.7861023087369851,0.8150746944318696,0.028972385694884584,0.6361145513595525,0.6169264651796195
binance_agg_recv,kraken_spot_event,70,62,0.8022892819979188,0.823621227887617,0.021331945889698223,0.5990723209364962,0.5881063584290542
binance_agg_recv,kraken_spot_recv,68,58,0.797859690844233,0.7336504161712246,-0.06420927467300841,0.6010177956372161,0.6458978241958008
binance_agg_recv,okx_perp_book_event,110,94,0.7861023087369851,0.8173381620642823,0.03123585332729728,0.6361145513595525,0.5917559927449456
binance_agg_recv,okx_perp_book_recv,108,92,0.7856805293005671,0.8064744801512289,0.020793950850661824,0.6400829697450461,0.6683664701529394
binance_agg_recv,okx_spot_book_event,110,94,0.7861023087369851,0.8356722498868266,0.04956994114984159,0.6361145513595525,0.6254922600298858
binance_agg_recv,okx_spot_book_recv,110,90,0.7809876543209877,0.771111111111111,-0.009876543209876743,0.6456091211291526,0.6473576302135144
