feed,offset_from_inferred_match_ms,pairs,trade_mean_bp,control_mean_bp
binance_agg_T,-1000,107,0.07187158270108322,0.021243907599084434
binance_agg_T,-750,104,0.0437221584170674,0.006720137565299196
binance_agg_T,-500,101,0.07248994239492818,0.01630288462115882
binance_agg_T,-300,106,0.24544242112435044,0.012473873641674404
binance_agg_T,-260,109,0.5317644469612118,0.013442356072760099
binance_agg_T,-200,112,0.6775980665360105,0.013197153971377981
binance_agg_T,-150,108,0.6483630184993311,0.01743603907502758
binance_agg_T,-100,106,0.6499535631682044,0.003209139001818833
binance_agg_T,0,105,0.6051880016421973,0.0027469565594725924
binance_agg_T,100,102,0.5339943234286796,0.0029544674067444746
binance_agg_T,250,118,0.07896699668498737,0.005182569450246368
binance_agg_E,-1000,101,0.06743394726277108,0.02237775535167294
binance_agg_E,-750,112,0.04650081390921367,0.005201527564829256
binance_agg_E,-500,109,0.06577779003804785,0.006826604454245239
binance_agg_E,-300,107,0.2806228533663253,0.013813318854427487
binance_agg_E,-260,111,0.5463101155561468,0.014253257451862672
binance_agg_E,-200,114,0.6662893551122542,0.013767088834994296
binance_agg_E,-150,114,0.6358632692795626,0.016407883744401455
binance_agg_E,-100,114,0.646119424443281,0.01055919713277932
binance_agg_E,0,111,0.6119819166991134,0.011778173027193
binance_agg_E,100,110,0.5260026852779405,0.00262428088360514
binance_agg_E,250,112,0.08065860531238796,0.006616942424610034
binance_agg_recv,-1000,96,0.10407129126921266,0.010924749723030168
binance_agg_recv,-750,103,0.05639352771466266,0.00590898347046099
binance_agg_recv,-500,105,0.022041578713340514,0.002095189933100957
binance_agg_recv,-300,107,0.12882659176343222,0.0013388340171968354
binance_agg_recv,-260,105,0.14946355752549326,0.014076389066131744
binance_agg_recv,-200,105,0.1890801570234108,0.013953153571073287
binance_agg_recv,-150,110,0.3999620032457,0.014382832519606878
binance_agg_recv,-100,113,0.5940733687652755,0.014232245081221605
binance_agg_recv,0,113,0.6264672593116273,0.016437981610019185
binance_agg_recv,100,112,0.6121285775058053,0.01622680436679084
binance_agg_recv,250,109,0.5392469171032304,0.0024076544203672124
binance_spot_btc_event,-1000,167,0.050452116726091546,0.014833090120346374
binance_spot_btc_event,-750,167,0.04223556150312069,0.017012112595143403
binance_spot_btc_event,-500,167,0.03897030868828181,0.003654354050670665
binance_spot_btc_event,-300,167,0.16052148597967922,0.01844619066341414
binance_spot_btc_event,-260,167,0.23052447143907345,0.018453947572541336
binance_spot_btc_event,-200,167,0.38270771768709755,0.018453947572541336
binance_spot_btc_event,-150,167,0.4941099261664959,0.018453947572541336
binance_spot_btc_event,-100,167,0.5138001806864203,0.018453947572541336
binance_spot_btc_event,0,167,0.5084042316739799,0.0219263039408873
binance_spot_btc_event,100,167,0.4601904479059442,0.004798404937292244
binance_spot_btc_event,250,167,0.317417381344735,0.0034723563683459625
binance_spot_btc_recv,-1000,163,0.038428539934841355,0.005126559187896882
binance_spot_btc_recv,-750,165,0.034542657156879715,0.022716629153331055
binance_spot_btc_recv,-500,164,0.060389475125403456,0.017307104623519764
binance_spot_btc_recv,-300,165,0.03000373416840497,0.011539298307138596
binance_spot_btc_recv,-260,165,0.024325520139805636,-0.0001646056404163416
binance_spot_btc_recv,-200,165,0.045247532868517445,-0.0001646056404163416
binance_spot_btc_recv,-150,164,0.02653710969930071,-0.00016560933334570954
binance_spot_btc_recv,-100,163,0.03507937805920925,-0.00016662534152574456
binance_spot_btc_recv,0,163,0.11727923466665204,-0.00016662534152574456
binance_spot_btc_recv,100,164,0.1461307752318622,-0.00016560933334570954
binance_spot_btc_recv,250,162,0.21926559781481328,0.0
bybit_perp_event,-1000,168,0.02376049511159164,0.011068141831657552
bybit_perp_event,-750,168,-0.0036159377181540974,0.000872752507102468
bybit_perp_event,-500,168,0.02737054977262072,0.03043612598388638
bybit_perp_event,-300,168,0.2093306096907272,0.035627532839455765
bybit_perp_event,-260,168,0.3582933508161928,0.035627532839455765
bybit_perp_event,-200,168,0.5779035282842835,0.03470189480435125
bybit_perp_event,-150,168,0.6303537566772297,0.0345479412098465
bybit_perp_event,-100,168,0.6340842987064518,0.031953607423994564
bybit_perp_event,0,168,0.6449431746079698,0.012325649783323395
bybit_perp_event,100,168,0.6059332532357633,0.0052868115589892765
bybit_perp_event,250,168,0.28546597185876826,0.0052868115589892765
bybit_perp_recv,-1000,168,0.01568561681540457,0.01941753921415654
bybit_perp_recv,-750,167,0.037092075005422734,0.019663464158224574
bybit_perp_recv,-500,168,0.03517977252089548,0.007962099772253158
bybit_perp_recv,-300,167,0.01792133433564426,0.001086065904183214
bybit_perp_recv,-260,167,0.024979226850898567,0.001086065904183214
bybit_perp_recv,-200,168,0.012676653316005083,0.0010796012261821235
bybit_perp_recv,-150,167,0.1171595670413493,0.001086065904183214
bybit_perp_recv,-100,167,0.15421181256227548,0.001086065904183214
bybit_perp_recv,0,167,0.21895227648913435,0.0015519840531155365
bybit_perp_recv,100,167,0.358487030159058,-0.003719974281553675
bybit_perp_recv,250,167,0.44865134497109743,0.02016881850624042
bybit_spot_event,-1000,165,0.038129472415771117,0.01224959122734406
bybit_spot_event,-750,165,0.023609838016920837,0.008092236753574856
bybit_spot_event,-500,166,0.034122414885823855,0.026962851642068367
bybit_spot_event,-300,168,0.2180550619255434,0.03242527107012017
bybit_spot_event,-260,167,0.31123963589677817,0.03052553938923788
bybit_spot_event,-200,167,0.5124350594900645,0.029065678282788533
bybit_spot_event,-150,166,0.5264357026320887,0.02924077273027521
bybit_spot_event,-100,166,0.5262654712246476,0.02924077273027521
bybit_spot_event,0,167,0.546711467955731,0.01273273679696483
bybit_spot_event,100,168,0.4645343962235686,0.012040134444596173
bybit_spot_event,250,168,0.2687965625467645,0.006258141134233288
bybit_spot_recv,-1000,165,0.05894995389468903,0.013921312394479557
bybit_spot_recv,-750,165,0.031702161075373166,0.012564288690498747
bybit_spot_recv,-500,165,0.0172171202693795,0.008092236753574856
bybit_spot_recv,-300,168,0.04870869248699544,0.002236614334412223
bybit_spot_recv,-260,167,0.04175225471226585,0.00663224679956781
bybit_spot_recv,-200,168,0.04903490128033726,0.006592769140046573
bybit_spot_recv,-150,167,0.07929703847688778,0.004538246043100661
bybit_spot_recv,-100,167,0.11780285602703808,0.007563019578204626
bybit_spot_recv,0,166,0.17966678091171687,0.007608579937109473
bybit_spot_recv,100,167,0.26849316590952527,0.007563019578204626
bybit_spot_recv,250,166,0.37038227758895065,0.0030429950624238675
coinbase_perp_event,-1000,168,0.06074644732384833,0.02264162619363019
coinbase_perp_event,-750,168,0.03314191867035253,0.019038188803760066
coinbase_perp_event,-500,168,0.030942752513683947,0.013744926593532159
coinbase_perp_event,-300,168,0.1012956117604098,0.04320928231257063
coinbase_perp_event,-260,168,0.12864327996576486,0.04683413895720055
coinbase_perp_event,-200,168,0.16414919699328212,0.03849524420947213
coinbase_perp_event,-150,168,0.26410695019680575,0.03996064406726524
coinbase_perp_event,-100,167,0.39000757429907823,0.03601023481216374
coinbase_perp_event,0,168,0.506863021735622,0.030632291222880508
coinbase_perp_event,100,168,0.5408671166808903,0.00785791799249318
coinbase_perp_event,250,168,0.4750537861669178,-0.005013573690559232
coinbase_perp_recv,-1000,168,0.05479042781819061,0.025034051931240513
coinbase_perp_recv,-750,168,0.02771814565082326,0.03136766632330749
coinbase_perp_recv,-500,168,0.012056573252692816,0.016325714838657485
coinbase_perp_recv,-300,168,0.05126209445770288,0.0020040854479883635
coinbase_perp_recv,-260,168,0.06047177272509628,0.0005394598711963182
coinbase_perp_recv,-200,168,0.06697282967331822,0.0005394598711963182
coinbase_perp_recv,-150,168,0.06894235162190743,-0.0010129264772795817
coinbase_perp_recv,-100,168,0.07600284535983191,0.0033832218304370785
coinbase_perp_recv,0,168,0.10840591176617005,0.008704330371896496
coinbase_perp_recv,100,168,0.13364487516446472,0.0037721258352284228
coinbase_perp_recv,250,168,0.2510402049687851,0.02413908474259983
coinbase_spot_event,-1000,168,0.07280336243182554,0.015456492831332502
coinbase_spot_event,-750,167,0.037985066574541634,0.013216742777426004
coinbase_spot_event,-500,168,0.0028363351601902705,0.008606778710401983
coinbase_spot_event,-300,167,0.08684589582941674,0.02403287718199489
coinbase_spot_event,-260,167,0.11828295359080877,0.0325204117734307
coinbase_spot_event,-200,167,0.16863977612827966,0.030552406622435104
coinbase_spot_event,-150,167,0.27225385475331737,0.031374135847795484
coinbase_spot_event,-100,167,0.44145226652370717,0.033529949148807546
coinbase_spot_event,0,168,0.5206676419248059,0.03491730765121222
coinbase_spot_event,100,168,0.5667930147680271,0.027219621789256916
coinbase_spot_event,250,168,0.45655463330487445,0.007806892360875347
coinbase_spot_recv,-1000,168,0.053027118049198164,0.0033754591994125554
coinbase_spot_recv,-750,167,0.016326298846260266,0.017366632817030308
coinbase_spot_recv,-500,168,0.004703399042476998,0.021719259826391883
coinbase_spot_recv,-300,167,0.02564844340488431,0.006786292520157089
coinbase_spot_recv,-260,167,0.048981231228318746,0.008860691073651368
coinbase_spot_recv,-200,167,0.042926995628052016,0.004542148649866171
coinbase_spot_recv,-150,166,0.05252933591726448,0.004414850535668624
coinbase_spot_recv,-100,166,0.04293757125813422,0.004313672833177024
coinbase_spot_recv,0,167,0.07636947929368738,0.005784896920251223
coinbase_spot_recv,100,167,0.1505130484202307,0.009021394797429751
coinbase_spot_recv,250,167,0.2706748829916787,0.022919591506084462
kraken_perp_event,-1000,168,0.06766239619106454,0.01932809883185386
kraken_perp_event,-750,168,0.04911977063384721,0.012388929645984223
kraken_perp_event,-500,168,0.02241138835024355,0.02589881830406024
kraken_perp_event,-300,168,0.13560917356892382,0.0328330750981579
kraken_perp_event,-260,168,0.18759375683483612,0.038651047945922716
kraken_perp_event,-200,168,0.33404858210268074,0.03556418907285512
kraken_perp_event,-150,168,0.4593697538840338,0.03131231553394338
kraken_perp_event,-100,168,0.5033340407616015,0.02088170529349302
kraken_perp_event,0,168,0.5553812438069932,0.019719701984000432
kraken_perp_event,100,168,0.5199260430517834,0.010842540866010017
kraken_perp_event,250,168,0.40400494166808476,0.008107345234763221
kraken_perp_recv,-1000,168,0.04058900482186504,0.02048368664614219
kraken_perp_recv,-750,168,0.05991954607112476,0.009305063469630278
kraken_perp_recv,-500,168,0.03865216320051786,0.018920880438466556
kraken_perp_recv,-300,167,0.06708508591627528,0.02333082954415681
kraken_perp_recv,-260,168,0.12446110306560161,0.026292397426375885
kraken_perp_recv,-200,168,0.18728787191956842,0.02592301957081304
kraken_perp_recv,-150,168,0.2994412142489649,0.020899979862527767
kraken_perp_recv,-100,168,0.3553650103004318,0.020123904587742804
kraken_perp_recv,0,168,0.46329617375111437,0.013550099121435597
kraken_perp_recv,100,168,0.48758047572327307,0.01119559999862007
kraken_perp_recv,250,168,0.4201679343207621,0.005369405988232405
kraken_spot_event,-1000,112,0.04237257015737824,0.012249520684948346
kraken_spot_event,-750,117,0.06431244226391672,0.013299357608336445
kraken_spot_event,-500,106,0.04700402720621735,0.01428488884268718
kraken_spot_event,-300,105,0.08930187245637053,0.003983288902349648
kraken_spot_event,-260,105,0.11148516280458198,0.003982133355817634
kraken_spot_event,-200,103,0.16440350980214716,0.004059456333600501
kraken_spot_event,-150,104,0.2632538001796093,0.004020423099623573
kraken_spot_event,-100,105,0.3008595154491999,0.019049240127370113
kraken_spot_event,0,108,0.3380266083193279,0.03303854017005808
kraken_spot_event,100,110,0.37222375109597955,0.027327910262538925
kraken_spot_event,250,112,0.37049373730877794,0.03367390382079197
kraken_spot_recv,-1000,111,0.01211152183727787,0.018542480093199032
kraken_spot_recv,-750,114,0.039851963849187315,0.036246950599216364
kraken_spot_recv,-500,103,0.03871693578009442,0.015959437757166434
kraken_spot_recv,-300,102,0.04212688324277451,0.0
kraken_spot_recv,-260,103,0.049324799993260726,0.0018978354560338232
kraken_spot_recv,-200,104,0.06402264011659989,-1.166657556359617e-06
kraken_spot_recv,-150,103,0.06665011038858132,-1.1779843287514579e-06
kraken_spot_recv,-100,106,0.05268495807088488,-1.1446451496358505e-06
kraken_spot_recv,0,106,0.12087685494906684,0.00012109597008178277
kraken_spot_recv,100,107,0.15270613503681776,-0.004366892820180832
kraken_spot_recv,250,106,0.26824712194374895,-0.0025628221453019235
okx_perp_book_event,-1000,168,0.052702810070490595,0.025729974706347494
okx_perp_book_event,-750,168,0.022801887644252276,0.02480742155254096
okx_perp_book_event,-500,168,0.039192599318364794,0.03749305147557985
okx_perp_book_event,-300,168,0.17953675741303654,0.04196851262876232
okx_perp_book_event,-260,168,0.25041584539563316,0.04050226010760272
okx_perp_book_event,-200,168,0.426685970175019,0.03641444394394344
okx_perp_book_event,-150,168,0.5214321241458706,0.03641444394394344
okx_perp_book_event,-100,168,0.5273634190681907,0.03641444394394344
okx_perp_book_event,0,168,0.530577538565998,0.007092969531453608
okx_perp_book_event,100,168,0.46330208737391587,0.004340960164768641
okx_perp_book_event,250,168,0.2829890038056588,0.004340960164768641
okx_perp_book_recv,-1000,168,0.013876569507072197,0.011521538678924555
okx_perp_book_recv,-750,168,0.019017757318734813,0.034288316635799426
okx_perp_book_recv,-500,168,0.042432158678395,0.029432137063046492
okx_perp_book_recv,-300,167,0.04674597240423115,0.006517932355536342
okx_perp_book_recv,-260,167,0.06495183407063383,0.0014750324763761265
okx_perp_book_recv,-200,166,0.04614019768670198,0.0014839182141856214
okx_perp_book_recv,-150,166,0.07672786880971302,7.805503525173858e-05
okx_perp_book_recv,-100,166,0.07065619602633749,0.004215121996063536
okx_perp_book_recv,0,167,0.09749679621479601,0.004112294104759032
okx_perp_book_recv,100,166,0.12963257460263453,0.004137066960811797
okx_perp_book_recv,250,165,0.23084019621167087,0.03584411439189247
okx_spot_book_event,-1000,168,0.06283910772603415,0.005256600382811648
okx_spot_book_event,-750,168,0.018676885145229014,0.008578437586534685
okx_spot_book_event,-500,168,0.0348858898681165,0.030881636408665612
okx_spot_book_event,-300,168,0.19715487009702054,0.03713253041842383
okx_spot_book_event,-260,168,0.26684626145493745,0.03713253041842383
okx_spot_book_event,-200,168,0.4365426741055891,0.036443205130214734
okx_spot_book_event,-150,168,0.531593885826477,0.036443205130214734
okx_spot_book_event,-100,168,0.5529733585182351,0.03567221876572538
okx_spot_book_event,0,168,0.5605999649185469,0.0049902710782427214
okx_spot_book_event,100,168,0.4934711737152084,-0.00041143967780630337
okx_spot_book_event,250,168,0.30736360300659493,-0.0027238177133304055
okx_spot_book_recv,-1000,168,0.04682881849117885,0.007548620635419889
okx_spot_book_recv,-750,168,-0.0009026226801231784,0.015049294648053295
okx_spot_book_recv,-500,168,-0.00031782457869127575,0.00950228658975999
okx_spot_book_recv,-300,167,0.030893420176878024,0.00379760244476
okx_spot_book_recv,-260,166,0.059441065600325915,0.0038204795679212043
okx_spot_book_recv,-200,166,0.05057310923813757,0.0023372417130738347
okx_spot_book_recv,-150,166,0.08255053264085088,0.0031175170699064354
okx_spot_book_recv,-100,167,0.11226358616334911,0.003098849303020768
okx_spot_book_recv,0,167,0.1360762904153136,0.003098849303020768
okx_spot_book_recv,100,166,0.18212885717200425,-0.006393992658643052
okx_spot_book_recv,250,163,0.2561382067511185,0.02127313112120733
