feed,no_binance_pairs,ge_half_bp,ge_one_bp
binance_agg_T,52,0,0
binance_agg_E,52,0,0
binance_agg_recv,49,2,1
binance_spot_btc_event,51,12,6
binance_spot_btc_recv,51,7,4
bybit_perp_event,52,19,4
bybit_perp_recv,51,14,4
bybit_spot_event,52,4,0
bybit_spot_recv,52,3,3
coinbase_perp_event,52,5,1
coinbase_perp_recv,52,6,3
coinbase_spot_event,52,8,4
coinbase_spot_recv,51,6,4
kraken_perp_event,52,7,0
kraken_perp_recv,52,8,3
kraken_spot_event,49,4,3
kraken_spot_recv,46,6,4
okx_perp_book_event,52,5,2
okx_perp_book_recv,51,4,2
okx_spot_book_event,52,2,0
okx_spot_book_recv,51,2,2
