variant,date,orders,real_fills,sim_fills,agreement,missed,false_fill,real_sh,sim_sh,share_ratio,real_loser_sh,sim_loser_sh,real_pnl,sim_pnl,real_dd,sim_dd
canonical0,2026-09-10,44,44,30,0.6818181818181818,14,0,38450.29600000001,30218.860000000004,0.7859200875852814,0.0,0.0,384.50296000000037,302.18860000000035,0.0,0.0
canonical0,2026-09-11,43,43,39,0.9069767441860465,4,0,61090.82,57499.88999999999,0.941219810112223,0.0,0.0,610.9082000000004,574.9989000000005,0.0,0.0
canonical0,2026-09-12,41,41,27,0.6585365853658537,14,0,51612.492999999995,32035.790000000008,0.6206983646381896,0.0,0.0,516.1249300000004,320.3579000000004,0.0,0.0
canonical0,2026-09-13,43,43,36,0.8372093023255814,7,0,42987.32000000001,33083.6,0.769612992854637,0.0,0.0,429.87320000000045,330.83600000000035,0.0,0.0
canonical0,2026-09-14,60,60,46,0.7666666666666667,14,0,67492.72,58606.26,0.8683345403770955,833.71,833.7099999999999,-158.7827999999995,-247.64739999999938,825.3729000000001,825.3729
canonical0,2026-09-15,43,43,34,0.7906976744186046,9,0,52052.015,43468.732,0.8351018111402605,0.0,0.0,520.5201500000005,434.68732000000045,0.0,0.0
canonical0,2026-09-16,46,46,29,0.6304347826086957,17,0,56833.64000000001,41739.59000000001,0.7344169755799559,0.0,0.0,568.3364000000005,417.3959000000004,0.0,0.0
canonical0,2026-09-17,29,29,21,0.7241379310344828,8,0,31007.989999999998,25875.810000000005,0.8344884657148047,0.0,0.0,310.0799000000003,258.75810000000024,0.0,0.0
canonical0,2026-09-18,35,35,30,0.8571428571428571,5,0,45465.23,42233.240000000005,0.9289129297267384,0.0,0.0,454.6523000000005,422.3324000000004,0.0,0.0
canonical0,2026-09-19,35,35,27,0.7714285714285715,8,0,43785.869,33386.07000000001,0.7624850382665697,1510.41,0.0,-1072.5513099999996,333.86070000000035,1494.5667,0.0
canonical0,2026-09-20,48,48,37,0.7708333333333334,11,0,63766.53,44518.29,0.6981450927312495,0.0,0.0,637.6653000000006,445.1829000000004,0.0,0.0
canonical0,2026-09-21,41,41,32,0.7804878048780488,9,0,48812.304,35880.700000000004,0.735074910620896,0.0,0.0,488.12304000000046,358.8070000000003,0.0,0.0
canonical0,2026-09-22,52,52,39,0.75,13,0,78197.12000000001,57150.55,0.7308523638722244,1439.99,74.16,-658.0187999999995,497.3455000000006,1317.6405,73.41839999999999
canonical0,2026-09-23,35,35,29,0.8285714285714286,6,0,55116.56999999999,43448.293999999994,0.788298219573533,537.91,1203.92,13.255700000000422,-769.4370599999996,532.5309,1191.8808000000001
canonical0,2026-09-24,38,38,30,0.7894736842105263,8,0,48308.98,40376.329999999994,0.8357934694543332,0.0,0.0,483.0898000000005,403.7633000000003,0.0,0.0
canonical0,2026-09-25,48,48,35,0.7291666666666666,13,0,69103.88,39983.41,0.5785986257211607,0.0,0.0,691.0388000000007,399.8341000000004,0.0,0.0
canonical0,2026-09-26,37,37,31,0.8378378378378378,6,0,44249.24000000001,31461.28,0.7110015900838068,0.0,0.0,442.49240000000043,314.6128000000003,0.0,0.0
canonical0,2026-09-27,23,23,18,0.782608695652174,5,0,28902.750000000007,23872.940000000006,0.8259746909896117,0.0,0.0,289.02750000000026,238.72940000000023,0.0,0.0
canonical0,2026-09-28,21,21,17,0.8095238095238095,4,0,29152.99,25230.86,0.8654638855225484,0.0,0.0,291.5299000000003,252.30860000000024,0.0,0.0
canonical0,2026-09-29,34,34,27,0.7941176470588235,7,0,58504.14,39267.3,0.6711883979492734,0.0,0.0,585.0414000000005,392.67300000000034,0.0,0.0
canonical0,2026-09-30,36,36,33,0.9166666666666666,3,0,59498.880000000005,48330.200000000004,0.8122875590263212,0.0,0.0,594.9888000000005,483.3020000000005,0.0,0.0
canonical0,2026-10-01,14,14,12,0.8571428571428571,2,0,15864.07,18164.309999999994,1.1449968387683611,0.0,0.0,158.64070000000012,181.64310000000017,0.0,0.0
canonical20,2026-09-10,44,44,31,0.7045454545454546,13,0,38450.29600000001,30311.59000000001,0.7883317725304378,0.0,0.0,384.50296000000037,303.1159000000003,0.0,0.0
canonical20,2026-09-11,43,43,39,0.9069767441860465,4,0,61090.82,57702.659999999996,0.944538966738374,0.0,0.0,610.9082000000004,577.0266000000005,0.0,0.0
canonical20,2026-09-12,41,41,27,0.6585365853658537,14,0,51612.492999999995,31734.030000000002,0.6148517181683125,0.0,0.0,516.1249300000004,317.3403000000004,0.0,0.0
canonical20,2026-09-13,43,43,36,0.8372093023255814,7,0,42987.32000000001,33103.6,0.7700782463293826,0.0,0.0,429.87320000000045,331.03600000000034,0.0,0.0
canonical20,2026-09-14,60,60,47,0.7833333333333333,13,0,67492.72,61343.76,0.9088944703962146,833.71,833.7099999999999,-158.7827999999995,-220.27239999999946,825.3729000000001,825.3729
canonical20,2026-09-15,43,43,36,0.8372093023255814,7,0,52052.015,44819.17200000001,0.8610458596079328,0.0,0.0,520.5201500000005,448.19172000000043,0.0,0.0
canonical20,2026-09-16,46,46,29,0.6304347826086957,17,0,56833.64000000001,41756.98000000001,0.7347229563336082,0.0,0.0,568.3364000000005,417.56980000000044,0.0,0.0
canonical20,2026-09-17,29,29,22,0.7586206896551724,7,0,31007.989999999998,24979.890000000007,0.8055952675423337,0.0,0.0,310.0799000000003,249.79890000000026,0.0,0.0
canonical20,2026-09-18,35,35,30,0.8571428571428571,5,0,45465.23,42585.86,0.9366687466444137,0.0,0.0,454.6523000000005,425.8586000000004,0.0,0.0
canonical20,2026-09-19,35,35,27,0.7714285714285715,8,0,43785.869,33397.07000000001,0.7627362608699169,1510.41,0.0,-1072.5513099999996,333.9707000000003,1494.5667,0.0
canonical20,2026-09-20,48,48,37,0.7708333333333334,11,0,63766.53,44581.43,0.6991352673573425,0.0,0.0,637.6653000000006,445.8143000000004,0.0,0.0
canonical20,2026-09-21,41,41,32,0.7804878048780488,9,0,48812.304,35289.93,0.7229720195137685,0.0,0.0,488.12304000000046,352.89930000000027,0.0,0.0
canonical20,2026-09-22,52,52,39,0.75,13,0,78197.12000000001,57023.71000000001,0.7292303092492409,1439.99,109.03999999999999,-658.0187999999995,461.19710000000055,1317.6405,107.94959999999998
canonical20,2026-09-23,35,35,29,0.8285714285714286,6,0,55116.56999999999,42494.28399999999,0.7709892687444084,537.91,537.91,13.255700000000422,-112.96715999999968,532.5309,532.5309
canonical20,2026-09-24,38,38,29,0.7631578947368421,9,0,48308.98,38428.59,0.795475085584502,0.0,0.0,483.0898000000005,384.2859000000003,0.0,0.0
canonical20,2026-09-25,48,48,35,0.7291666666666666,13,0,69103.88,40052.740000000005,0.5796018978963265,0.0,0.0,691.0388000000007,400.5274000000004,0.0,0.0
canonical20,2026-09-26,37,37,31,0.8378378378378378,6,0,44249.24000000001,32426.629999999997,0.7328177839890581,0.0,0.0,442.49240000000043,324.2663000000003,0.0,0.0
canonical20,2026-09-27,23,23,18,0.782608695652174,5,0,28902.750000000007,23863.920000000002,0.8256626099592598,0.0,0.0,289.02750000000026,238.63920000000022,0.0,0.0
canonical20,2026-09-28,21,21,17,0.8095238095238095,4,0,29152.99,25425.79,0.8721503351800278,0.0,0.0,291.5299000000003,254.25790000000023,0.0,0.0
canonical20,2026-09-29,34,34,27,0.7941176470588235,7,0,58504.14,39247.3,0.6708465418002898,0.0,0.0,585.0414000000005,392.47300000000035,0.0,0.0
canonical20,2026-09-30,36,36,33,0.9166666666666666,3,0,59498.880000000005,46140.72,0.7754888831520862,0.0,0.0,594.9888000000005,461.40720000000044,0.0,0.0
canonical20,2026-10-01,14,14,12,0.8571428571428571,2,0,15864.07,14670.419999999996,0.9247576441606723,0.0,0.0,158.64070000000012,146.70420000000013,0.0,0.0
canonical60,2026-09-10,44,44,31,0.7045454545454546,13,0,38450.29600000001,31821.460000000003,0.8275998707526203,0.0,0.0,384.50296000000037,318.21460000000036,0.0,0.0
canonical60,2026-09-11,43,43,41,0.9534883720930233,2,0,61090.82,56634.45,0.9270533608813893,0.0,0.0,610.9082000000004,566.3445000000004,0.0,0.0
canonical60,2026-09-12,41,41,33,0.8048780487804879,8,0,51612.492999999995,39573.353,0.7667398085188407,0.0,0.0,516.1249300000004,395.7335300000004,0.0,0.0
canonical60,2026-09-13,43,43,37,0.8604651162790697,6,0,42987.32000000001,36497.240000000005,0.8490233864311616,0.0,0.0,429.87320000000045,364.9724000000004,0.0,0.0
canonical60,2026-09-14,60,60,49,0.8166666666666667,11,0,67492.72,64662.89000000001,0.9580720705877612,833.71,828.7099999999999,-158.7827999999995,-182.08109999999937,825.3729000000001,820.4228999999999
canonical60,2026-09-15,43,43,39,0.9069767441860465,4,0,52052.015,48710.452,0.9358033882069695,0.0,0.0,520.5201500000005,487.10452000000043,0.0,0.0
canonical60,2026-09-16,46,46,32,0.6956521739130435,14,0,56833.64000000001,46251.299999999996,0.8138014739158004,0.0,0.0,568.3364000000005,462.51300000000043,0.0,0.0
canonical60,2026-09-17,29,29,23,0.7931034482758621,6,0,31007.989999999998,27983.979999999996,0.9024764262372375,0.0,0.0,310.0799000000003,279.83980000000025,0.0,0.0
canonical60,2026-09-18,35,35,31,0.8857142857142857,4,0,45465.23,43225.14,0.9507296014998714,0.0,0.0,454.6523000000005,432.25140000000044,0.0,0.0
canonical60,2026-09-19,35,35,30,0.8571428571428571,5,0,43785.869,37224.50000000001,0.8501487089362098,1510.41,0.0,-1072.5513099999996,372.24500000000035,1494.5667,0.0
canonical60,2026-09-20,48,48,41,0.8541666666666666,7,0,63766.53,54512.04,0.8548691609846106,0.0,0.0,637.6653000000006,545.1204000000005,0.0,0.0
canonical60,2026-09-21,41,41,35,0.8536585365853658,6,0,48812.304,40037.02,0.8202239337032728,0.0,0.0,488.12304000000046,400.3702000000003,0.0,0.0
canonical60,2026-09-22,52,52,43,0.8269230769230769,9,0,78197.12000000001,65657.67000000001,0.8396430712537751,1439.99,109.03999999999999,-658.0187999999995,547.5367000000006,1317.6405,107.94959999999998
canonical60,2026-09-23,35,35,30,0.8571428571428571,5,0,55116.56999999999,45187.21399999999,0.8198480783546581,537.91,536.1999999999999,13.255700000000422,-84.32785999999962,532.5309,530.838
canonical60,2026-09-24,38,38,31,0.8157894736842105,7,0,48308.98,44312.64,0.9172754216710847,0.0,0.0,483.0898000000005,443.1264000000004,0.0,0.0
canonical60,2026-09-25,48,48,38,0.7916666666666666,10,0,69103.88,49486.03,0.7161107306854549,0.0,0.0,691.0388000000007,494.86030000000045,0.0,0.0
canonical60,2026-09-26,37,37,33,0.8918918918918919,4,0,44249.24000000001,34913.72000000001,0.7890241730705431,0.0,0.0,442.49240000000043,349.1372000000004,0.0,0.0
canonical60,2026-09-27,23,23,19,0.8260869565217391,4,0,28902.750000000007,25536.65,0.8835370336732662,0.0,0.0,289.02750000000026,255.36650000000026,0.0,0.0
canonical60,2026-09-28,21,21,19,0.9047619047619048,2,0,29152.99,29590.909999999996,1.0150214437695755,0.0,0.0,291.5299000000003,295.9091000000003,0.0,0.0
canonical60,2026-09-29,34,34,30,0.8823529411764706,4,0,58504.14,46614.69,0.7967759204733204,0.0,0.0,585.0414000000005,466.14690000000036,0.0,0.0
canonical60,2026-09-30,36,36,33,0.9166666666666666,3,0,59498.880000000005,48696.35,0.818441456376994,0.0,0.0,594.9888000000005,486.96350000000047,0.0,0.0
canonical60,2026-10-01,14,14,12,0.8571428571428571,2,0,15864.07,14263.519999999999,0.8991084885530636,0.0,0.0,158.64070000000012,142.63520000000014,0.0,0.0
canonical_nobetter60,2026-09-10,44,44,31,0.7045454545454546,13,0,38450.29600000001,31821.460000000003,0.8275998707526203,0.0,0.0,384.50296000000037,318.21460000000036,0.0,0.0
canonical_nobetter60,2026-09-11,43,43,41,0.9534883720930233,2,0,61090.82,56634.45,0.9270533608813893,0.0,0.0,610.9082000000004,566.3445000000004,0.0,0.0
canonical_nobetter60,2026-09-12,41,41,33,0.8048780487804879,8,0,51612.492999999995,39905.73,0.7731796640786177,0.0,0.0,516.1249300000004,399.0573000000004,0.0,0.0
canonical_nobetter60,2026-09-13,43,43,37,0.8604651162790697,6,0,42987.32000000001,36497.240000000005,0.8490233864311616,0.0,0.0,429.87320000000045,364.9724000000004,0.0,0.0
canonical_nobetter60,2026-09-14,60,60,49,0.8166666666666667,11,0,67492.72,64662.89000000001,0.9580720705877612,833.71,828.7099999999999,-158.7827999999995,-182.08109999999937,825.3729000000001,820.4228999999999
canonical_nobetter60,2026-09-15,43,43,39,0.9069767441860465,4,0,52052.015,48720.96199999999,0.9360053016199276,0.0,0.0,520.5201500000005,487.2096200000004,0.0,0.0
canonical_nobetter60,2026-09-16,46,46,32,0.6956521739130435,14,0,56833.64000000001,46306.299999999996,0.8147692106294792,0.0,0.0,568.3364000000005,463.0630000000004,0.0,0.0
canonical_nobetter60,2026-09-17,29,29,23,0.7931034482758621,6,0,31007.989999999998,27983.979999999996,0.9024764262372375,0.0,0.0,310.0799000000003,279.83980000000025,0.0,0.0
canonical_nobetter60,2026-09-18,35,35,31,0.8857142857142857,4,0,45465.23,43225.14,0.9507296014998714,0.0,0.0,454.6523000000005,432.25140000000044,0.0,0.0
canonical_nobetter60,2026-09-19,35,35,30,0.8571428571428571,5,0,43785.869,37224.50000000001,0.8501487089362098,1510.41,0.0,-1072.5513099999996,372.24500000000035,1494.5667,0.0
canonical_nobetter60,2026-09-20,48,48,41,0.8541666666666666,7,0,63766.53,54512.04,0.8548691609846106,0.0,0.0,637.6653000000006,545.1204000000005,0.0,0.0
canonical_nobetter60,2026-09-21,41,41,35,0.8536585365853658,6,0,48812.304,40037.02,0.8202239337032728,0.0,0.0,488.12304000000046,400.3702000000003,0.0,0.0
canonical_nobetter60,2026-09-22,52,52,43,0.8269230769230769,9,0,78197.12000000001,65657.67000000001,0.8396430712537751,1439.99,109.03999999999999,-658.0187999999995,547.5367000000006,1317.6405,107.94959999999998
canonical_nobetter60,2026-09-23,35,35,30,0.8571428571428571,5,0,55116.56999999999,45227.69399999999,0.8205825217352966,537.91,536.1999999999999,13.255700000000422,-83.9230599999996,532.5309,530.838
canonical_nobetter60,2026-09-24,38,38,31,0.8157894736842105,7,0,48308.98,44312.64,0.9172754216710847,0.0,0.0,483.0898000000005,443.1264000000004,0.0,0.0
canonical_nobetter60,2026-09-25,48,48,38,0.7916666666666666,10,0,69103.88,49486.03,0.7161107306854549,0.0,0.0,691.0388000000007,494.86030000000045,0.0,0.0
canonical_nobetter60,2026-09-26,37,37,33,0.8918918918918919,4,0,44249.24000000001,34913.72000000001,0.7890241730705431,0.0,0.0,442.49240000000043,349.1372000000004,0.0,0.0
canonical_nobetter60,2026-09-27,23,23,19,0.8260869565217391,4,0,28902.750000000007,25536.65,0.8835370336732662,0.0,0.0,289.02750000000026,255.36650000000026,0.0,0.0
canonical_nobetter60,2026-09-28,21,21,19,0.9047619047619048,2,0,29152.99,29620.909999999996,1.0160504977362526,0.0,0.0,291.5299000000003,296.20910000000026,0.0,0.0
canonical_nobetter60,2026-09-29,34,34,30,0.8823529411764706,4,0,58504.14,46614.69,0.7967759204733204,0.0,0.0,585.0414000000005,466.14690000000036,0.0,0.0
canonical_nobetter60,2026-09-30,36,36,33,0.9166666666666666,3,0,59498.880000000005,48696.35,0.818441456376994,0.0,0.0,594.9888000000005,486.96350000000047,0.0,0.0
canonical_nobetter60,2026-10-01,14,14,12,0.8571428571428571,2,0,15864.07,14263.519999999999,0.8991084885530636,0.0,0.0,158.64070000000012,142.63520000000014,0.0,0.0
