salt,coin,mk,cs,ce,roles,state,rem0,real_sh,real_first,won,t0,t1,footprint_seq,footprint_candidates,ahead_seq_footprint,tick001,variant,sim_sh,sim_first,live_qualifying_prints,live_prints_with_better_depth,live_better_depth_subtracted,date,week,real_pnl,sim_pnl
112066368,btc,btc_5m,1789408200000,1789408500000,MT,cancel,3358.73,833.71,1789408412556,0.0,1789408412505,1789408419810,242780,1,0.0,False,canonical60,828.7099999999999,1789408412838.0,16,0,0.0,2026-09-14,2026-W38,-825.3729000000001,-820.4228999999999
112066368,btc,btc_5m,1789408200000,1789408500000,MT,cancel,3358.73,833.71,1789408412556,0.0,1789408412505,1789408419810,242780,1,0.0,False,canonical20,833.7099999999999,1789408412556.0,17,0,0.0,2026-09-14,2026-W38,-825.3729000000001,-825.3729
112066368,btc,btc_5m,1789408200000,1789408500000,MT,cancel,3358.73,833.71,1789408412556,0.0,1789408412505,1789408419810,242780,1,0.0,False,canonical0,833.7099999999999,1789408412556.0,17,0,0.0,2026-09-14,2026-W38,-825.3729000000001,-825.3729
112066368,btc,btc_5m,1789408200000,1789408500000,MT,cancel,3358.73,833.71,1789408412556,0.0,1789408412505,1789408419810,242780,1,0.0,False,canonical_nobetter60,828.7099999999999,1789408412838.0,16,0,0.0,2026-09-14,2026-W38,-825.3729000000001,-820.4228999999999
120623909,btc,btc_5m,1789785300000,1789785600000,M,cancel,2000.01,1510.41,1789785512733,0.0,1789785510264,1789785526142,217418,1,1800.27,False,canonical60,0.0,,25,0,0.0,2026-09-19,2026-W38,-1495.3059,-0.0
120623909,btc,btc_5m,1789785300000,1789785600000,M,cancel,2000.01,1510.41,1789785512733,0.0,1789785510264,1789785526142,217418,1,1800.27,False,canonical20,0.0,,25,0,0.0,2026-09-19,2026-W38,-1495.3059,-0.0
120623909,btc,btc_5m,1789785300000,1789785600000,M,cancel,2000.01,1510.41,1789785512733,0.0,1789785510264,1789785526142,217418,1,1800.27,False,canonical0,0.0,,25,0,0.0,2026-09-19,2026-W38,-1495.3059,-0.0
120623909,btc,btc_5m,1789785300000,1789785600000,M,cancel,2000.01,1510.41,1789785512733,0.0,1789785510264,1789785526142,217418,1,1800.27,False,canonical_nobetter60,0.0,,25,0,0.0,2026-09-19,2026-W38,-1495.3059,-0.0
166280790,btc,btc_5m,1790117100000,1790117400000,M,cancel,3000.01,1330.95,1790117321442,0.0,1790117321262,1790117331977,210718,1,2808.35,False,canonical60,0.0,,18,0,0.0,2026-09-22,2026-W39,-1317.6405,-0.0
166280790,btc,btc_5m,1790117100000,1790117400000,M,cancel,3000.01,1330.95,1790117321442,0.0,1790117321262,1790117331977,210718,1,2808.35,False,canonical20,0.0,,18,0,0.0,2026-09-22,2026-W39,-1317.6405,-0.0
166280790,btc,btc_5m,1790117100000,1790117400000,M,cancel,3000.01,1330.95,1790117321442,0.0,1790117321262,1790117331977,210718,1,2808.35,False,canonical0,0.0,,18,0,0.0,2026-09-22,2026-W39,-1317.6405,-0.0
166280790,btc,btc_5m,1790117100000,1790117400000,M,cancel,3000.01,1330.95,1790117321442,0.0,1790117321262,1790117331977,210718,1,2808.35,False,canonical_nobetter60,0.0,,18,0,0.0,2026-09-22,2026-W39,-1317.6405,-0.0
84837028,btc,btc_5m,1790159400000,1790159700000,MT,cancel,1203.92,537.91,1790159643831,0.0,1790159643785,1790159645490,359420,1,0.0,False,canonical60,536.1999999999999,1790159643917.0,10,0,0.0,2026-09-23,2026-W39,-532.5309,-530.838
84837028,btc,btc_5m,1790159400000,1790159700000,MT,cancel,1203.92,537.91,1790159643831,0.0,1790159643785,1790159645490,359420,1,0.0,False,canonical20,537.91,1790159643831.0,11,0,0.0,2026-09-23,2026-W39,-532.5309,-532.5309
84837028,btc,btc_5m,1790159400000,1790159700000,MT,cancel,1203.92,537.91,1790159643831,0.0,1790159643785,1790159645490,359420,1,0.0,False,canonical0,1203.92,1790159643802.0,12,0,0.0,2026-09-23,2026-W39,-532.5309,-1191.8808000000001
84837028,btc,btc_5m,1790159400000,1790159700000,MT,cancel,1203.92,537.91,1790159643831,0.0,1790159643785,1790159645490,359420,1,0.0,False,canonical_nobetter60,536.1999999999999,1790159643917.0,10,0,0.0,2026-09-23,2026-W39,-532.5309,-530.838
39513448,btc,btc_5m,1790078700000,1790079000000,MT,cancel,2948.28,109.03999999999999,1790078985024,0.0,1790078984934,1790078987415,477242,1,0.0,False,canonical60,109.03999999999999,1790078985024.0,18,0,0.0,2026-09-22,2026-W39,-107.94959999999999,-107.94959999999999
39513448,btc,btc_5m,1790078700000,1790079000000,MT,cancel,2948.28,109.03999999999999,1790078985024,0.0,1790078984934,1790078987415,477242,1,0.0,False,canonical20,109.03999999999999,1790078985024.0,18,0,0.0,2026-09-22,2026-W39,-107.94959999999999,-107.94959999999999
39513448,btc,btc_5m,1790078700000,1790079000000,MT,cancel,2948.28,109.03999999999999,1790078985024,0.0,1790078984934,1790078987415,477242,1,0.0,False,canonical0,74.16,1790078985024.0,17,0,0.0,2026-09-22,2026-W39,-107.94959999999999,-73.41839999999999
39513448,btc,btc_5m,1790078700000,1790079000000,MT,cancel,2948.28,109.03999999999999,1790078985024,0.0,1790078984934,1790078987415,477242,1,0.0,False,canonical_nobetter60,109.03999999999999,1790078985024.0,18,0,0.0,2026-09-22,2026-W39,-107.94959999999999,-107.94959999999999
