variant,scope,orders,real_fills,sim_fills,agreement,missed,false_fill,real_sh,sim_sh,share_ratio,real_loser_sh,sim_loser_sh,real_pnl,sim_pnl,real_dd,sim_dd
canonical0,all,846,846,659,0.7789598108747045,187,0,1090255.847,845832.3060000001,0.7758108413978541,4322.0199999999995,2111.79,6580.53847000001,6346.533060000007,1507.0715999999993,1191.8808
canonical0,state:alive,475,475,402,0.8463157894736842,73,0,547449.171,541586.586,0.9892910879939939,0.0,0.0,5474.491710000005,5415.865860000005,0.0,0.0
canonical0,state:cancel,124,124,105,0.8467741935483871,19,0,88627.33000000002,87952.14,0.9923816953528892,4322.0199999999995,2111.79,-3435.746699999999,-1232.2685999999992,3966.5682,1794.4968999999999
canonical0,state:filled,247,247,152,0.6153846153846154,95,0,454179.346,216293.58,0.476229449676472,0.0,0.0,4541.793460000004,2162.935800000002,0.0,0.0
canonical0,early,467,467,356,0.7623126338329764,111,0,554544.923,442666.13200000004,0.7982511671105861,2344.12,833.7099999999999,3201.329230000005,3592.9513200000047,1494.5666999999999,825.3728999999998
canonical0,late,379,379,303,0.7994722955145118,76,0,535710.924,403166.174,0.7525815807332688,1977.9,1278.0800000000002,3379.209240000005,2753.5817400000037,1507.0715999999998,1191.8808000000001
canonical0,0919,35,35,27,0.7714285714285715,8,0,43785.869,33386.07000000001,0.7624850382665697,1510.41,0.0,-1072.5513099999996,333.86070000000035,1494.5667,0.0
canonical0,0922,52,52,39,0.75,13,0,78197.12000000001,57150.55,0.7308523638722244,1439.99,74.16,-658.0187999999995,497.3455000000006,1317.6405,73.41839999999999
canonical20,all,846,846,663,0.7836879432624113,183,0,1090255.847,841380.0760000001,0.7717271852429699,4322.0199999999995,1480.6599999999999,6580.53847000001,6933.1407600000075,1507.0715999999993,825.3729000000001
canonical20,state:alive,475,475,403,0.848421052631579,72,0,547449.171,537966.976,0.982679314350446,0.0,0.0,5474.491710000005,5379.669760000004,0.0,0.0
canonical20,state:cancel,124,124,105,0.8467741935483871,19,0,88627.33000000002,81676.28,0.9215699040013954,4322.0199999999995,1480.6599999999999,-3435.746699999999,-663.8971999999991,3966.5682,1198.4221999999995
canonical20,state:filled,247,247,155,0.6275303643724697,92,0,454179.346,221736.82,0.48821423068410513,0.0,0.0,4541.793460000004,2217.368200000002,0.0,0.0
canonical20,early,467,467,361,0.7730192719486081,106,0,554544.923,446316.042,0.8048329783374467,2344.12,833.7099999999999,3201.329230000005,3629.450420000004,1494.5666999999999,825.3729000000001
canonical20,late,379,379,302,0.7968337730870713,77,0,535710.924,395064.03400000004,0.7374574911599153,1977.9,646.9499999999999,3379.209240000005,3303.690340000003,1507.0715999999998,532.5309
canonical20,0919,35,35,27,0.7714285714285715,8,0,43785.869,33397.07000000001,0.7627362608699169,1510.41,0.0,-1072.5513099999996,333.9707000000003,1494.5667,0.0
canonical20,0922,52,52,39,0.75,13,0,78197.12000000001,57023.71000000001,0.7292303092492409,1439.99,109.03999999999999,-658.0187999999995,461.19710000000055,1317.6405,107.94959999999998
canonical60,all,846,846,710,0.8392434988179669,136,0,1090255.847,931393.219,0.8542886713819201,4322.0199999999995,1473.9499999999998,6580.53847000001,7839.982190000008,1507.0715999999993,820.4229
canonical60,state:alive,475,475,407,0.8568421052631578,68,0,547449.171,513296.999,0.9376158120075042,0.0,0.0,5474.491710000005,5132.969990000005,0.0,0.0
canonical60,state:cancel,124,124,109,0.8790322580645161,15,0,88627.33000000002,80600.41,0.909430646280329,4322.0199999999995,1473.9499999999998,-3435.746699999999,-667.945899999999,3966.5682,1159.1577999999993
canonical60,state:filled,247,247,194,0.7854251012145749,53,0,454179.346,337495.81000000006,0.7430892949500175,0.0,0.0,4541.793460000004,3374.9581000000026,0.0,0.0
canonical60,early,467,467,387,0.828693790149893,80,0,554544.923,487096.805,0.8783721296462037,2344.12,828.7099999999999,3201.329230000005,4042.2580500000045,1494.5666999999999,820.4229
canonical60,late,379,379,323,0.8522427440633246,56,0,535710.924,444296.41400000005,0.8293585105238587,1977.9,645.2399999999999,3379.209240000005,3797.7241400000044,1507.0715999999998,530.838
canonical60,0919,35,35,30,0.8571428571428571,5,0,43785.869,37224.50000000001,0.8501487089362098,1510.41,0.0,-1072.5513099999996,372.24500000000035,1494.5667,0.0
canonical60,0922,52,52,43,0.8269230769230769,9,0,78197.12000000001,65657.67000000001,0.8396430712537751,1439.99,109.03999999999999,-658.0187999999995,547.5367000000006,1317.6405,107.94959999999998
canonical_nobetter60,all,846,846,710,0.8392434988179669,136,0,1090255.847,931861.5860000001,0.854718265042242,4322.0199999999995,1473.9499999999998,6580.53847000001,7844.665860000008,1507.0715999999993,820.4229
canonical_nobetter60,state:alive,475,475,407,0.8568421052631578,68,0,547449.171,513680.36600000004,0.9383160907188588,0.0,0.0,5474.491710000005,5136.803660000005,0.0,0.0
canonical_nobetter60,state:cancel,124,124,109,0.8790322580645161,15,0,88627.33000000002,80685.41,0.910389718385965,4322.0199999999995,1473.9499999999998,-3435.746699999999,-667.0958999999991,3966.5682,1158.6077999999993
canonical_nobetter60,state:filled,247,247,194,0.7854251012145749,53,0,454179.346,337495.81000000006,0.7430892949500175,0.0,0.0,4541.793460000004,3374.9581000000026,0.0,0.0
canonical_nobetter60,early,467,467,387,0.828693790149893,80,0,554544.923,487494.692,0.8790896314814878,2344.12,828.7099999999999,3201.329230000005,4046.236920000005,1494.5666999999999,820.4229
canonical_nobetter60,late,379,379,323,0.8522427440633246,56,0,535710.924,444366.89400000003,0.8294900740161125,1977.9,645.2399999999999,3379.209240000005,3798.4289400000043,1507.0715999999998,530.838
canonical_nobetter60,0919,35,35,30,0.8571428571428571,5,0,43785.869,37224.50000000001,0.8501487089362098,1510.41,0.0,-1072.5513099999996,372.24500000000035,1494.5667,0.0
canonical_nobetter60,0922,52,52,43,0.8269230769230769,9,0,78197.12000000001,65657.67000000001,0.8396430712537751,1439.99,109.03999999999999,-658.0187999999995,547.5367000000006,1317.6405,107.94959999999998
