variant,date,orders,live_fills,sim_fills,agreement,exact,false_fill,missed,live_sh,sim_sh,share_ratio,footprints,tick001,first_abs_p90
DF1,2026-09-27,44,7,8,0.9772727272727273,0.9772727272727273,1,0,213.0,243.0,1.1408450704225352,44,31,1.200000000000001
DF1,2026-09-28,176,23,33,0.9431818181818182,0.9261363636363636,10,0,1019.63,1848.4899999999998,1.8129027196139773,176,117,26.20000000000002
DF1,2026-09-30,60,12,14,0.9333333333333333,0.9333333333333333,3,1,1169.81,1260.09,1.0771749258426582,60,37,66.0
DF1,2026-10-01,348,45,62,0.9511494252873564,0.9482758620689655,17,0,1871.01,2537.74,1.356347641113623,348,257,0.0
ENG,2026-09-27,44,7,5,0.9545454545454546,0.9318181818181818,0,2,213.0,142.0,0.6666666666666666,44,31,136326.0
ENG,2026-09-28,176,23,20,0.9488636363636364,0.9147727272727273,3,6,1019.63,299.05,0.29329266498631856,176,117,5692.8
ENG,2026-09-30,60,12,5,0.8833333333333333,0.8666666666666667,0,7,1169.81,220.88,0.188816987374018,60,37,1075.6
ENG,2026-10-01,348,45,21,0.9252873563218391,0.9137931034482759,1,25,1871.01,472.79999999999995,0.2526977407924062,348,257,39463.1
EXM5,2026-09-27,44,7,8,0.9772727272727273,0.9772727272727273,1,0,213.0,243.0,1.1408450704225352,44,31,1.200000000000001
EXM5,2026-09-28,176,23,26,0.9829545454545454,0.9772727272727273,3,0,1019.63,1195.96,1.1729352804448674,176,117,26.20000000000002
EXM5,2026-09-30,60,12,12,0.9666666666666667,0.9666666666666667,1,1,1169.81,1204.09,1.029303904052795,60,37,32.0
EXM5,2026-10-01,348,45,47,0.9942528735632183,0.9942528735632183,2,0,1871.01,1958.01,1.0464989497651,348,257,0.0
EXP5,2026-09-27,44,7,8,0.9772727272727273,0.9772727272727273,1,0,213.0,243.0,1.1408450704225352,44,31,1.200000000000001
EXP5,2026-09-28,176,23,26,0.9829545454545454,0.9772727272727273,3,0,1019.63,1195.96,1.1729352804448674,176,117,26.20000000000002
EXP5,2026-09-30,60,12,12,0.9666666666666667,0.9666666666666667,1,1,1169.81,1204.09,1.029303904052795,60,37,32.0
EXP5,2026-10-01,348,45,47,0.9942528735632183,0.9942528735632183,2,0,1871.01,1958.01,1.0464989497651,348,257,0.0
FIX,2026-09-27,44,7,8,0.9772727272727273,0.9772727272727273,1,0,213.0,243.0,1.1408450704225352,44,31,1.200000000000001
FIX,2026-09-28,176,23,26,0.9829545454545454,0.9772727272727273,3,0,1019.63,1195.96,1.1729352804448674,176,117,26.20000000000002
FIX,2026-09-30,60,12,12,0.9666666666666667,0.9666666666666667,1,1,1169.81,1204.09,1.029303904052795,60,37,32.0
FIX,2026-10-01,348,45,47,0.9942528735632183,0.9942528735632183,2,0,1871.01,1958.01,1.0464989497651,348,257,0.0
LIFO,2026-09-27,44,7,8,0.9772727272727273,0.9772727272727273,1,0,213.0,243.0,1.1408450704225352,44,31,1.200000000000001
LIFO,2026-09-28,176,23,26,0.9829545454545454,0.9772727272727273,3,0,1019.63,1195.96,1.1729352804448674,176,117,80.00000000000004
LIFO,2026-09-30,60,12,12,0.9666666666666667,0.9666666666666667,1,1,1169.81,1204.09,1.029303904052795,60,37,32.0
LIFO,2026-10-01,348,45,47,0.9942528735632183,0.9913793103448276,2,0,1871.01,1950.01,1.0422231842694587,348,257,4.800000000000011
SH20,2026-09-27,44,7,8,0.9772727272727273,0.9772727272727273,1,0,213.0,243.0,1.1408450704225352,44,31,29.8
SH20,2026-09-28,176,23,28,0.9715909090909091,0.9715909090909091,5,0,1019.63,1291.96,1.2670870806076715,176,117,26.20000000000002
SH20,2026-09-30,60,12,11,0.9833333333333333,0.9833333333333333,0,1,1169.81,1150.09,0.9831425616125695,60,37,0.0
SH20,2026-10-01,348,45,50,0.985632183908046,0.9827586206896551,5,0,1871.01,2061.79,1.101966317657308,348,257,0.0
SWX,2026-09-27,44,7,8,0.9772727272727273,0.9772727272727273,1,0,213.0,243.0,1.1408450704225352,44,31,1.200000000000001
SWX,2026-09-28,176,23,26,0.9829545454545454,0.9772727272727273,3,0,1019.63,1195.96,1.1729352804448674,176,117,26.20000000000002
SWX,2026-09-30,60,12,13,0.9833333333333333,0.9833333333333333,1,0,1169.81,1223.81,1.0461613424402254,60,37,28.80000000000001
SWX,2026-10-01,348,45,47,0.9942528735632183,0.9942528735632183,2,0,1871.01,1958.01,1.0464989497651,348,257,0.0
