variant,scope,orders,live_fills,sim_fills,agreement,exact,false_fill,missed,live_sh,sim_sh,share_ratio,footprints,tick001,first_abs_p90
DF1,all,628,87,117,0.9490445859872612,0.9426751592356688,31,1,4273.45,5889.32,1.3781183821034526,628,442,3.0
DF1,btc_15m,81,26,29,0.9629629629629629,0.9506172839506173,3,0,587.02,753.15,1.283005689755034,81,67,17.5
DF1,btc_5m,185,15,16,0.9945945945945946,0.9945945945945946,1,0,1702.0,1822.0,1.0705052878965922,185,120,536.3999999999997
DF1,eth_15m,74,15,21,0.8918918918918919,0.8783783783783784,7,1,673.88,1160.04,1.7214340832195643,74,61,0.0
DF1,sol_15m,67,5,14,0.8656716417910447,0.8507462686567164,9,0,80.0,445.95,5.574375,67,56,0.0
DF1,sol_5m,221,26,37,0.9502262443438914,0.9457013574660633,11,0,1230.55,1708.1799999999998,1.3881435130632642,221,138,0.0
DF1,before1001pm,495,65,88,0.9494949494949495,0.9434343434343434,24,1,3686.4400000000005,5044.01,1.368260435542149,495,341,32.0
DF1,1001pm,133,22,29,0.9473684210526315,0.9398496240601504,7,0,587.01,845.31,1.4400265753564674,133,101,0.0
ENG,all,628,87,51,0.9299363057324841,0.910828025477707,4,40,4273.45,1134.73,0.2655301922334414,628,442,39700.4
ENG,btc_15m,81,26,22,0.9259259259259259,0.8888888888888888,1,5,587.02,271.59000000000003,0.46265885319069205,81,67,40175.0
ENG,btc_5m,185,15,7,0.9567567567567568,0.9513513513513514,0,8,1702.0,537.79,0.31597532314923615,185,120,26130.80000000001
ENG,eth_15m,74,15,10,0.8783783783783784,0.8243243243243243,2,7,673.88,122.78,0.1821986110286698,74,61,46284.299999999974
ENG,sol_15m,67,5,1,0.9402985074626866,0.9402985074626866,0,4,80.0,5.0,0.0625,67,56,0.0
ENG,sol_5m,221,26,11,0.9230769230769231,0.9049773755656109,1,16,1230.55,197.57,0.16055422372110031,221,138,5004.999999999994
ENG,before1001pm,495,65,42,0.9414141414141414,0.9191919191919192,3,26,3686.4400000000005,1011.2700000000001,0.27432156769132277,495,341,38558.400000000016
ENG,1001pm,133,22,9,0.8872180451127819,0.8796992481203008,1,14,587.01,123.46000000000001,0.21032009676155433,133,101,39621.3
EXM5,all,628,87,93,0.9872611464968153,0.9856687898089171,7,1,4273.45,4601.06,1.0766617136037628,628,442,0.0
EXM5,btc_15m,81,26,27,0.9876543209876543,0.9753086419753086,1,0,587.02,636.02,1.0834724540901504,81,67,17.5
EXM5,btc_5m,185,15,16,0.9945945945945946,0.9945945945945946,1,0,1702.0,1822.0,1.0705052878965922,185,120,509.9999999999997
EXM5,eth_15m,74,15,14,0.9864864864864865,0.9864864864864865,0,1,673.88,654.1600000000001,0.9707366296670031,74,61,0.0
EXM5,sol_15m,67,5,6,0.9850746268656716,0.9850746268656716,1,0,80.0,110.0,1.375,67,56,0.0
EXM5,sol_5m,221,26,30,0.9819004524886877,0.9819004524886877,4,0,1230.55,1378.88,1.1205395961155582,221,138,0.0
EXM5,before1001pm,495,65,70,0.9858585858585859,0.9838383838383838,6,1,3686.4400000000005,3986.05,1.0812735321882356,495,341,3.0
EXM5,1001pm,133,22,23,0.9924812030075187,0.9924812030075187,1,0,587.01,615.01,1.0476993577622187,133,101,0.0
EXP5,all,628,87,93,0.9872611464968153,0.9856687898089171,7,1,4273.45,4601.06,1.0766617136037628,628,442,0.0
EXP5,btc_15m,81,26,27,0.9876543209876543,0.9753086419753086,1,0,587.02,636.02,1.0834724540901504,81,67,17.5
EXP5,btc_5m,185,15,16,0.9945945945945946,0.9945945945945946,1,0,1702.0,1822.0,1.0705052878965922,185,120,509.9999999999997
EXP5,eth_15m,74,15,14,0.9864864864864865,0.9864864864864865,0,1,673.88,654.1600000000001,0.9707366296670031,74,61,0.0
EXP5,sol_15m,67,5,6,0.9850746268656716,0.9850746268656716,1,0,80.0,110.0,1.375,67,56,0.0
EXP5,sol_5m,221,26,30,0.9819004524886877,0.9819004524886877,4,0,1230.55,1378.88,1.1205395961155582,221,138,0.0
EXP5,before1001pm,495,65,70,0.9858585858585859,0.9838383838383838,6,1,3686.4400000000005,3986.05,1.0812735321882356,495,341,3.0
EXP5,1001pm,133,22,23,0.9924812030075187,0.9924812030075187,1,0,587.01,615.01,1.0476993577622187,133,101,0.0
FIX,all,628,87,93,0.9872611464968153,0.9856687898089171,7,1,4273.45,4601.06,1.0766617136037628,628,442,0.0
FIX,btc_15m,81,26,27,0.9876543209876543,0.9753086419753086,1,0,587.02,636.02,1.0834724540901504,81,67,17.5
FIX,btc_5m,185,15,16,0.9945945945945946,0.9945945945945946,1,0,1702.0,1822.0,1.0705052878965922,185,120,509.9999999999997
FIX,eth_15m,74,15,14,0.9864864864864865,0.9864864864864865,0,1,673.88,654.1600000000001,0.9707366296670031,74,61,0.0
FIX,sol_15m,67,5,6,0.9850746268656716,0.9850746268656716,1,0,80.0,110.0,1.375,67,56,0.0
FIX,sol_5m,221,26,30,0.9819004524886877,0.9819004524886877,4,0,1230.55,1378.88,1.1205395961155582,221,138,0.0
FIX,before1001pm,495,65,70,0.9858585858585859,0.9838383838383838,6,1,3686.4400000000005,3986.05,1.0812735321882356,495,341,3.0
FIX,1001pm,133,22,23,0.9924812030075187,0.9924812030075187,1,0,587.01,615.01,1.0476993577622187,133,101,0.0
LIFO,all,628,87,93,0.9872611464968153,0.9840764331210191,7,1,4273.45,4593.06,1.074789689829061,628,442,32.0
LIFO,btc_15m,81,26,27,0.9876543209876543,0.9753086419753086,1,0,587.02,636.02,1.0834724540901504,81,67,57.0
LIFO,btc_5m,185,15,16,0.9945945945945946,0.9945945945945946,1,0,1702.0,1822.0,1.0705052878965922,185,120,3191.3999999999987
LIFO,eth_15m,74,15,14,0.9864864864864865,0.9864864864864865,0,1,673.88,654.1600000000001,0.9707366296670031,74,61,0.0
LIFO,sol_15m,67,5,6,0.9850746268656716,0.9850746268656716,1,0,80.0,110.0,1.375,67,56,0.0
LIFO,sol_5m,221,26,30,0.9819004524886877,0.9773755656108597,4,0,1230.55,1370.88,1.114038438096786,221,138,0.0
LIFO,before1001pm,495,65,70,0.9858585858585859,0.9838383838383838,6,1,3686.4400000000005,3986.05,1.0812735321882356,495,341,74.00000000000017
LIFO,1001pm,133,22,23,0.9924812030075187,0.9849624060150376,1,0,587.01,607.01,1.0340709698301562,133,101,0.0
SH20,all,628,87,97,0.9808917197452229,0.9792993630573248,11,1,4273.45,4746.84,1.110774666838269,628,442,22.0
SH20,btc_15m,81,26,27,0.9876543209876543,0.9876543209876543,1,0,587.02,638.02,1.0868794930326053,81,67,8.5
SH20,btc_5m,185,15,16,0.9945945945945946,0.9945945945945946,1,0,1702.0,1822.0,1.0705052878965922,185,120,806.0
SH20,eth_15m,74,15,16,0.9594594594594594,0.9594594594594594,2,1,673.88,697.76,1.0354365762450288,74,61,0.0
SH20,sol_15m,67,5,6,0.9850746268656716,0.9850746268656716,1,0,80.0,110.0,1.375,67,56,0.0
SH20,sol_5m,221,26,32,0.9728506787330317,0.9683257918552036,6,0,1230.55,1479.06,1.2019503474056317,221,138,0.0
SH20,before1001pm,495,65,72,0.9818181818181818,0.9818181818181818,8,1,3686.4400000000005,4042.17,1.096496891309773,495,341,24.80000000000004
SH20,1001pm,133,22,25,0.9774436090225563,0.9699248120300752,3,0,587.01,704.67,1.200439515510809,133,101,0.0
SWX,all,628,87,94,0.9888535031847133,0.9872611464968153,7,0,4273.45,4620.780000000001,1.0812762522084032,628,442,0.0
SWX,btc_15m,81,26,27,0.9876543209876543,0.9753086419753086,1,0,587.02,636.02,1.0834724540901504,81,67,17.5
SWX,btc_5m,185,15,16,0.9945945945945946,0.9945945945945946,1,0,1702.0,1822.0,1.0705052878965922,185,120,509.9999999999997
SWX,eth_15m,74,15,15,1.0,1.0,0,0,673.88,673.88,1.0,74,61,0.0
SWX,sol_15m,67,5,6,0.9850746268656716,0.9850746268656716,1,0,80.0,110.0,1.375,67,56,0.0
SWX,sol_5m,221,26,30,0.9819004524886877,0.9819004524886877,4,0,1230.55,1378.88,1.1205395961155582,221,138,0.0
SWX,before1001pm,495,65,71,0.9878787878787879,0.9858585858585859,6,0,3686.4400000000005,4005.7700000000004,1.0866228665053548,495,341,3.0
SWX,1001pm,133,22,23,0.9924812030075187,0.9924812030075187,1,0,587.01,615.01,1.0476993577622187,133,101,0.0
