coin,mk,role,n,first_print,last_print
btc,btc_15m,MAKER,4859,1789000096701.0,1790882882030.0
btc,btc_15m,TAKER,1623,1788998793208.0,1790879712604.0
btc,btc_5m,MAKER,21466,1788998965072.0,1790884146703.0
btc,btc_5m,TAKER,3707,1788998419079.0,1790884133771.0
eth,eth_15m,MAKER,792,1789000143215.0,1790838867523.0
eth,eth_15m,TAKER,678,1788999047431.0,1790876593098.0
eth,eth_5m,MAKER,3407,1788998424550.0,1790883889399.0
eth,eth_5m,TAKER,2141,1788998439244.0,1790882285495.0
sol,sol_15m,MAKER,568,1789010066712.0,1790855014878.0
sol,sol_15m,TAKER,508,1789010776751.0,1790848522942.0
sol,sol_5m,MAKER,1584,1788998902244.0,1790871235280.0
sol,sol_5m,TAKER,1676,1788998901918.0,1790879712657.0
