market_key,date,grids,candidate_tokens,read_errors,first_cs,last_cs
btc_5m,2026-09-10,288,287,0,1788998400000,1789084500000
btc_5m,2026-09-11,287,286,0,1789084800000,1789170900000
btc_5m,2026-09-12,288,293,0,1789171200000,1789257300000
btc_5m,2026-09-13,288,292,0,1789257600000,1789343700000
btc_5m,2026-09-14,288,292,0,1789344000000,1789430100000
btc_5m,2026-09-15,288,290,0,1789430400000,1789516500000
btc_5m,2026-09-16,288,291,0,1789516800000,1789602900000
btc_5m,2026-09-17,288,291,0,1789603200000,1789689300000
btc_5m,2026-09-18,288,283,0,1789689600000,1789775700000
btc_5m,2026-09-19,274,256,0,1789776000000,1789862100000
btc_5m,2026-09-20,288,287,0,1789862400000,1789948500000
btc_5m,2026-09-21,288,285,0,1789948800000,1790034900000
btc_5m,2026-09-22,288,287,0,1790035200000,1790121300000
btc_5m,2026-09-23,288,283,0,1790121600000,1790207700000
btc_5m,2026-09-24,288,286,0,1790208000000,1790294100000
btc_5m,2026-09-25,288,290,0,1790294400000,1790380500000
btc_5m,2026-09-26,288,283,0,1790380800000,1790466900000
btc_5m,2026-09-27,288,287,0,1790467200000,1790553300000
btc_5m,2026-09-28,288,279,0,1790553600000,1790639700000
btc_5m,2026-09-29,288,295,0,1790640000000,1790726100000
btc_5m,2026-09-30,288,284,0,1790726400000,1790812500000
btc_5m,2026-10-01,155,154,0,1790812800000,1790859000000
