rule,period,grid_contracts,candidate_tokens,n_selected,n_real_in_grid,n_real_all,tp,fp,fn,tn,precision,recall,f1,select_rate
baseline_first_eligibility,design_reused,3153,3148,3148,1432,1432,1418,1730,14,3144,0.45044472681067343,0.9902234636871509,0.6192139737991267,0.4992071043450682
baseline_first_eligibility,valid_reused,2880,2859,2859,832,832,799,2060,33,2868,0.27946834557537603,0.9603365384615384,0.4329450013546464,0.49635416666666665
baseline_first_eligibility,oct01_reused_partial,155,154,154,35,35,34,120,1,155,0.22077922077922077,0.9714285714285714,0.35978835978835977,0.4967741935483871
prior_print_5m_delay0ms,design_reused,3153,3148,2641,1432,1432,1258,1383,174,3491,0.4763347216963271,0.8784916201117319,0.617726491529585,0.41880748493498254
prior_print_5m_delay0ms,valid_reused,2880,2859,1627,832,832,594,1033,238,3895,0.36508912108174557,0.7139423076923077,0.48312322082147213,0.2824652777777778
prior_print_5m_delay0ms,oct01_reused_partial,155,154,77,35,35,27,50,8,225,0.35064935064935066,0.7714285714285715,0.48214285714285715,0.24838709677419354
prior_print_5m_delay1000ms,design_reused,3153,3148,2647,1432,1432,1261,1386,171,3488,0.47638836418587077,0.880586592178771,0.6182887962735965,0.4197589597209007
prior_print_5m_delay1000ms,valid_reused,2880,2859,1626,832,832,592,1034,240,3894,0.3640836408364084,0.7115384615384616,0.4816924328722539,0.28229166666666666
prior_print_5m_delay1000ms,oct01_reused_partial,155,154,77,35,35,27,50,8,225,0.35064935064935066,0.7714285714285715,0.48214285714285715,0.24838709677419354
prior_print_5m_delay5000ms,design_reused,3153,3148,2638,1432,1432,1256,1382,176,3492,0.4761182714177407,0.8770949720670391,0.6171990171990172,0.41833174754202346
prior_print_5m_delay5000ms,valid_reused,2880,2859,1625,832,832,587,1038,245,3890,0.36123076923076924,0.7055288461538461,0.4778184778184778,0.2821180555555556
prior_print_5m_delay5000ms,oct01_reused_partial,155,154,77,35,35,27,50,8,225,0.35064935064935066,0.7714285714285715,0.48214285714285715,0.24838709677419354
prior_print_15m_delay0ms,design_reused,3153,3148,3113,1432,1432,1411,1702,21,3172,0.4532605203983296,0.9853351955307262,0.6209020902090209,0.4936568347605455
prior_print_15m_delay0ms,valid_reused,2880,2859,2573,832,832,762,1811,70,3117,0.2961523513408473,0.9158653846153846,0.44757709251101324,0.4467013888888889
prior_print_15m_delay0ms,oct01_reused_partial,155,154,139,35,35,34,105,1,170,0.2446043165467626,0.9714285714285714,0.39080459770114945,0.4483870967741935
prior_print_15m_delay1000ms,design_reused,3153,3148,3113,1432,1432,1411,1702,21,3172,0.4532605203983296,0.9853351955307262,0.6209020902090209,0.4936568347605455
prior_print_15m_delay1000ms,valid_reused,2880,2859,2572,832,832,762,1810,70,3118,0.2962674961119751,0.9158653846153846,0.44770857814336074,0.4465277777777778
prior_print_15m_delay1000ms,oct01_reused_partial,155,154,139,35,35,34,105,1,170,0.2446043165467626,0.9714285714285714,0.39080459770114945,0.4483870967741935
prior_print_15m_delay5000ms,design_reused,3153,3148,3113,1432,1432,1410,1703,22,3171,0.45293928686154833,0.9846368715083799,0.6204620462046204,0.4936568347605455
prior_print_15m_delay5000ms,valid_reused,2880,2859,2576,832,832,763,1813,69,3115,0.296195652173913,0.9170673076923077,0.4477699530516432,0.44722222222222224
prior_print_15m_delay5000ms,oct01_reused_partial,155,154,139,35,35,34,105,1,170,0.2446043165467626,0.9714285714285714,0.39080459770114945,0.4483870967741935
prior_print_60m_delay0ms,design_reused,3153,3148,3147,1432,1432,1417,1730,15,3144,0.4502700985065141,0.9895251396648045,0.6189124262939506,0.49904852521408183
prior_print_60m_delay0ms,valid_reused,2880,2859,2857,832,832,799,2058,33,2870,0.27966398319915997,0.9603365384615384,0.43317972350230416,0.49600694444444443
prior_print_60m_delay0ms,oct01_reused_partial,155,154,154,35,35,34,120,1,155,0.22077922077922077,0.9714285714285714,0.35978835978835977,0.4967741935483871
prior_print_60m_delay1000ms,design_reused,3153,3148,3147,1432,1432,1417,1730,15,3144,0.4502700985065141,0.9895251396648045,0.6189124262939506,0.49904852521408183
prior_print_60m_delay1000ms,valid_reused,2880,2859,2857,832,832,799,2058,33,2870,0.27966398319915997,0.9603365384615384,0.43317972350230416,0.49600694444444443
prior_print_60m_delay1000ms,oct01_reused_partial,155,154,154,35,35,34,120,1,155,0.22077922077922077,0.9714285714285714,0.35978835978835977,0.4967741935483871
prior_print_60m_delay5000ms,design_reused,3153,3148,3147,1432,1432,1417,1730,15,3144,0.4502700985065141,0.9895251396648045,0.6189124262939506,0.49904852521408183
prior_print_60m_delay5000ms,valid_reused,2880,2859,2857,832,832,799,2058,33,2870,0.27966398319915997,0.9603365384615384,0.43317972350230416,0.49600694444444443
prior_print_60m_delay5000ms,oct01_reused_partial,155,154,154,35,35,34,120,1,155,0.22077922077922077,0.9714285714285714,0.35978835978835977,0.4967741935483871
prior_print_240m_delay0ms,design_reused,3153,3148,3148,1432,1432,1418,1730,14,3144,0.45044472681067343,0.9902234636871509,0.6192139737991267,0.4992071043450682
prior_print_240m_delay0ms,valid_reused,2880,2859,2859,832,832,799,2060,33,2868,0.27946834557537603,0.9603365384615384,0.4329450013546464,0.49635416666666665
prior_print_240m_delay0ms,oct01_reused_partial,155,154,154,35,35,34,120,1,155,0.22077922077922077,0.9714285714285714,0.35978835978835977,0.4967741935483871
prior_print_240m_delay1000ms,design_reused,3153,3148,3148,1432,1432,1418,1730,14,3144,0.45044472681067343,0.9902234636871509,0.6192139737991267,0.4992071043450682
prior_print_240m_delay1000ms,valid_reused,2880,2859,2859,832,832,799,2060,33,2868,0.27946834557537603,0.9603365384615384,0.4329450013546464,0.49635416666666665
prior_print_240m_delay1000ms,oct01_reused_partial,155,154,154,35,35,34,120,1,155,0.22077922077922077,0.9714285714285714,0.35978835978835977,0.4967741935483871
prior_print_240m_delay5000ms,design_reused,3153,3148,3148,1432,1432,1418,1730,14,3144,0.45044472681067343,0.9902234636871509,0.6192139737991267,0.4992071043450682
prior_print_240m_delay5000ms,valid_reused,2880,2859,2859,832,832,799,2060,33,2868,0.27946834557537603,0.9603365384615384,0.4329450013546464,0.49635416666666665
prior_print_240m_delay5000ms,oct01_reused_partial,155,154,154,35,35,34,120,1,155,0.22077922077922077,0.9714285714285714,0.35978835978835977,0.4967741935483871
prior_print_1440m_delay0ms,design_reused,3153,3148,3148,1432,1432,1418,1730,14,3144,0.45044472681067343,0.9902234636871509,0.6192139737991267,0.4992071043450682
prior_print_1440m_delay0ms,valid_reused,2880,2859,2859,832,832,799,2060,33,2868,0.27946834557537603,0.9603365384615384,0.4329450013546464,0.49635416666666665
prior_print_1440m_delay0ms,oct01_reused_partial,155,154,154,35,35,34,120,1,155,0.22077922077922077,0.9714285714285714,0.35978835978835977,0.4967741935483871
prior_print_1440m_delay1000ms,design_reused,3153,3148,3148,1432,1432,1418,1730,14,3144,0.45044472681067343,0.9902234636871509,0.6192139737991267,0.4992071043450682
prior_print_1440m_delay1000ms,valid_reused,2880,2859,2859,832,832,799,2060,33,2868,0.27946834557537603,0.9603365384615384,0.4329450013546464,0.49635416666666665
prior_print_1440m_delay1000ms,oct01_reused_partial,155,154,154,35,35,34,120,1,155,0.22077922077922077,0.9714285714285714,0.35978835978835977,0.4967741935483871
prior_print_1440m_delay5000ms,design_reused,3153,3148,3148,1432,1432,1418,1730,14,3144,0.45044472681067343,0.9902234636871509,0.6192139737991267,0.4992071043450682
prior_print_1440m_delay5000ms,valid_reused,2880,2859,2859,832,832,799,2060,33,2868,0.27946834557537603,0.9603365384615384,0.4329450013546464,0.49635416666666665
prior_print_1440m_delay5000ms,oct01_reused_partial,155,154,154,35,35,34,120,1,155,0.22077922077922077,0.9714285714285714,0.35978835978835977,0.4967741935483871
same_coin_prior_print_15m,design_reused,3153,3148,2909,1432,1432,1361,1548,71,3326,0.4678583705740804,0.9504189944134078,0.6270444598018889,0.4613066920393276
same_coin_prior_print_15m,valid_reused,2880,2859,2200,832,832,713,1487,119,3441,0.3240909090909091,0.8569711538461539,0.4703166226912929,0.3819444444444444
same_coin_prior_print_15m,oct01_reused_partial,155,154,126,35,35,31,95,4,180,0.24603174603174602,0.8857142857142857,0.38509316770186336,0.4064516129032258
same_coin_prior_print_60m,design_reused,3153,3148,3145,1432,1432,1415,1730,17,3144,0.44992050874403816,0.9881284916201117,0.6183089359842692,0.4987313669521091
same_coin_prior_print_60m,valid_reused,2880,2859,2825,832,832,798,2027,34,2901,0.2824778761061947,0.9591346153846154,0.4364232977850697,0.4904513888888889
same_coin_prior_print_60m,oct01_reused_partial,155,154,154,35,35,34,120,1,155,0.22077922077922077,0.9714285714285714,0.35978835978835977,0.4967741935483871
same_market_prior_print_15m,design_reused,3153,3148,2612,1432,1432,1272,1340,160,3534,0.4869831546707504,0.888268156424581,0.629080118694362,0.41420869013637807
same_market_prior_print_15m,valid_reused,2880,2859,1919,832,832,654,1265,178,3663,0.34080250130276185,0.7860576923076923,0.47546346782988,0.33315972222222223
same_market_prior_print_15m,oct01_reused_partial,155,154,116,35,35,28,88,7,187,0.2413793103448276,0.8,0.3708609271523179,0.3741935483870968
same_market_prior_print_60m,design_reused,3153,3148,3124,1432,1432,1411,1713,21,3161,0.45166453265044815,0.9853351955307262,0.6194029850746269,0.4954012052013955
same_market_prior_print_60m,valid_reused,2880,2859,2807,832,832,795,2012,37,2916,0.2832205201282508,0.9555288461538461,0.43693322341302554,0.4873263888888889
same_market_prior_print_60m,oct01_reused_partial,155,154,154,35,35,34,120,1,155,0.22077922077922077,0.9714285714285714,0.35978835978835977,0.4967741935483871
other_coin_prior_print_15m,design_reused,3153,3148,2996,1432,1432,1383,1613,49,3261,0.4616154873164219,0.965782122905028,0.6246612466124661,0.47510307643514116
other_coin_prior_print_15m,valid_reused,2880,2859,2040,832,832,662,1378,170,3550,0.32450980392156864,0.7956730769230769,0.4610027855153203,0.3541666666666667
other_coin_prior_print_15m,oct01_reused_partial,155,154,108,35,35,31,77,4,198,0.28703703703703703,0.8857142857142857,0.43356643356643354,0.34838709677419355
other_coin_prior_print_60m,design_reused,3153,3148,3145,1432,1432,1416,1729,16,3145,0.4502384737678855,0.9888268156424581,0.6187459034301944,0.4987313669521091
other_coin_prior_print_60m,valid_reused,2880,2859,2798,832,832,790,2008,42,2920,0.2823445318084346,0.9495192307692307,0.43526170798898073,0.4857638888888889
other_coin_prior_print_60m,oct01_reused_partial,155,154,154,35,35,34,120,1,155,0.22077922077922077,0.9714285714285714,0.35978835978835977,0.4967741935483871
no_prior_print_5m,design_reused,3153,3148,507,1432,1432,160,347,1272,4527,0.3155818540433925,0.11173184357541899,0.16503352243424446,0.08039961941008564
no_prior_print_5m,valid_reused,2880,2859,1232,832,832,205,1027,627,3901,0.1663961038961039,0.24639423076923078,0.19864341085271317,0.21388888888888888
no_prior_print_5m,oct01_reused_partial,155,154,77,35,35,7,70,28,205,0.09090909090909091,0.2,0.125,0.24838709677419354
no_prior_print_15m,design_reused,3153,3148,35,1432,1432,7,28,1425,4846,0.2,0.004888268156424581,0.00954328561690525,0.005550269584522677
no_prior_print_15m,valid_reused,2880,2859,286,832,832,37,249,795,4679,0.12937062937062938,0.04447115384615385,0.06618962432915922,0.049652777777777775
no_prior_print_15m,oct01_reused_partial,155,154,15,35,35,0,15,35,260,0.0,0.0,0.0,0.04838709677419355
no_prior_print_60m,design_reused,3153,3148,1,1432,1432,1,0,1431,4874,1.0,0.0006983240223463687,0.0013956734124214933,0.0001585791309863622
no_prior_print_60m,valid_reused,2880,2859,2,832,832,0,2,832,4926,0.0,0.0,0.0,0.00034722222222222224
no_prior_print_60m,oct01_reused_partial,155,154,0,35,35,0,0,35,275,,0.0,0.0,0.0
concurrency_le_0,design_reused,3153,3148,1365,1432,1432,576,789,856,4085,0.421978021978022,0.4022346368715084,0.41186986056489094,0.2164605137963844
concurrency_le_0,valid_reused,2880,2859,1891,832,832,448,1443,384,3485,0.23691168693812797,0.5384615384615384,0.32904884318766064,0.32829861111111114
concurrency_le_0,oct01_reused_partial,155,154,111,35,35,18,93,17,182,0.16216216216216217,0.5142857142857142,0.2465753424657534,0.3580645161290323
concurrency_le_1,design_reused,3153,3148,2359,1432,1432,1022,1337,410,3537,0.4332344213649852,0.7136871508379888,0.5391717225006595,0.3740881699968284
concurrency_le_1,valid_reused,2880,2859,2624,832,832,697,1927,135,3001,0.265625,0.8377403846153846,0.40335648148148145,0.45555555555555555
concurrency_le_1,oct01_reused_partial,155,154,145,35,35,29,116,6,159,0.2,0.8285714285714286,0.32222222222222224,0.46774193548387094
concurrency_le_2,design_reused,3153,3148,2855,1432,1432,1269,1586,163,3288,0.4444833625218914,0.8861731843575419,0.5920223932820154,0.45274341896606407
concurrency_le_2,valid_reused,2880,2859,2813,832,832,767,2046,65,2882,0.2726626377532883,0.921875,0.42085048010973936,0.48836805555555557
concurrency_le_2,oct01_reused_partial,155,154,153,35,35,34,119,1,156,0.2222222222222222,0.9714285714285714,0.3617021276595745,0.4935483870967742
concurrency_le_4,design_reused,3153,3148,3128,1432,1432,1407,1721,25,3153,0.4498081841432225,0.9825418994413407,0.6171052631578947,0.49603552172534093
concurrency_le_4,valid_reused,2880,2859,2858,832,832,798,2060,34,2868,0.27921623512946114,0.9591346153846154,0.432520325203252,0.49618055555555557
concurrency_le_4,oct01_reused_partial,155,154,154,35,35,34,120,1,155,0.22077922077922077,0.9714285714285714,0.35978835978835977,0.4967741935483871
concurrency_ge_1,design_reused,3153,3148,1783,1432,1432,842,941,590,3933,0.4722378014582165,0.5879888268156425,0.5237947122861586,0.2827465905486838
concurrency_ge_1,valid_reused,2880,2859,968,832,832,351,617,481,4311,0.36260330578512395,0.421875,0.39,0.16805555555555557
concurrency_ge_1,oct01_reused_partial,155,154,43,35,35,16,27,19,248,0.37209302325581395,0.45714285714285713,0.41025641025641024,0.13870967741935483
gross_unexpired_le_100,design_reused,3153,3148,2041,1432,1432,853,1188,579,3686,0.41793238608525235,0.5956703910614525,0.4912179671753527,0.3236600063431652
gross_unexpired_le_100,valid_reused,2880,2859,2468,832,832,600,1868,232,3060,0.24311183144246354,0.7211538461538461,0.36363636363636365,0.4284722222222222
gross_unexpired_le_100,oct01_reused_partial,155,154,138,35,35,25,113,10,162,0.18115942028985507,0.7142857142857143,0.28901734104046245,0.44516129032258067
gross_unexpired_le_1000,design_reused,3153,3148,2827,1432,1432,1262,1565,170,3309,0.4464096215068978,0.8812849162011173,0.5926273773186194,0.4483032032984459
gross_unexpired_le_1000,valid_reused,2880,2859,2760,832,832,748,2012,84,2916,0.2710144927536232,0.8990384615384616,0.41648106904231624,0.4791666666666667
gross_unexpired_le_1000,oct01_reused_partial,155,154,153,35,35,33,120,2,155,0.21568627450980393,0.9428571428571428,0.35106382978723405,0.4935483870967742
gross_unexpired_le_5000,design_reused,3153,3148,3132,1432,1432,1407,1725,25,3149,0.4492337164750958,0.9825418994413407,0.6165644171779141,0.4966698382492864
gross_unexpired_le_5000,valid_reused,2880,2859,2858,832,832,798,2060,34,2868,0.27921623512946114,0.9591346153846154,0.432520325203252,0.49618055555555557
gross_unexpired_le_5000,oct01_reused_partial,155,154,154,35,35,34,120,1,155,0.22077922077922077,0.9714285714285714,0.35978835978835977,0.4967741935483871
gross_unexpired_le_10000,design_reused,3153,3148,3148,1432,1432,1418,1730,14,3144,0.45044472681067343,0.9902234636871509,0.6192139737991267,0.4992071043450682
gross_unexpired_le_10000,valid_reused,2880,2859,2859,832,832,799,2060,33,2868,0.27946834557537603,0.9603365384615384,0.4329450013546464,0.49635416666666665
gross_unexpired_le_10000,oct01_reused_partial,155,154,154,35,35,34,120,1,155,0.22077922077922077,0.9714285714285714,0.35978835978835977,0.4967741935483871
prior_60m_gross_ge_100,design_reused,3153,3148,3142,1432,1432,1415,1727,17,3147,0.45035009548058563,0.9881284916201117,0.6187144731088763,0.49825562955915004
prior_60m_gross_ge_100,valid_reused,2880,2859,2809,832,832,796,2013,36,2915,0.283374866500534,0.9567307692307693,0.4372425157923647,0.4876736111111111
prior_60m_gross_ge_100,oct01_reused_partial,155,154,149,35,35,34,115,1,160,0.22818791946308725,0.9714285714285714,0.3695652173913043,0.4806451612903226
prior_60m_gross_ge_1000,design_reused,3153,3148,3116,1432,1432,1414,1702,18,3172,0.45378690629011553,0.9874301675977654,0.6218117854001759,0.4941325721535046
prior_60m_gross_ge_1000,valid_reused,2880,2859,2494,832,832,766,1728,66,3200,0.3071371291098637,0.9206730769230769,0.4606133493686109,0.4329861111111111
prior_60m_gross_ge_1000,oct01_reused_partial,155,154,124,35,35,31,93,4,182,0.25,0.8857142857142857,0.389937106918239,0.4
prior_60m_gross_ge_5000,design_reused,3153,3148,2915,1432,1432,1365,1550,67,3324,0.46826758147512865,0.9532122905027933,0.6280193236714976,0.4622581668252458
prior_60m_gross_ge_5000,valid_reused,2880,2859,1793,832,832,670,1123,162,3805,0.373675404350251,0.8052884615384616,0.5104761904761905,0.3112847222222222
prior_60m_gross_ge_5000,oct01_reused_partial,155,154,98,35,35,22,76,13,199,0.22448979591836735,0.6285714285714286,0.3308270676691729,0.3161290322580645
design_hour4_above_base,design_reused,3153,3148,1589,1432,1432,795,794,637,4080,0.500314663310258,0.5551675977653632,0.5263157894736842,0.25198223913732953
design_hour4_above_base,valid_reused,2880,2859,1428,832,832,479,949,353,3979,0.33543417366946776,0.5757211538461539,0.42389380530973453,0.24791666666666667
design_hour4_above_base,oct01_reused_partial,155,154,95,35,35,28,67,7,208,0.29473684210526313,0.8,0.4307692307692308,0.3064516129032258
design_weekday_above_base,design_reused,3153,3148,1160,1432,1432,647,513,785,4361,0.5577586206896552,0.4518156424581006,0.4992283950617284,0.18395179194418015
design_weekday_above_base,valid_reused,2880,2859,1432,832,832,433,999,399,3929,0.3023743016759777,0.5204326923076923,0.3825088339222615,0.24861111111111112
design_weekday_above_base,oct01_reused_partial,155,154,154,35,35,34,120,1,155,0.22077922077922077,0.9714285714285714,0.35978835978835977,0.4967741935483871
prior15m_and_design_hour4,design_reused,3153,3148,1575,1432,1432,791,784,641,4090,0.5022222222222222,0.5523743016759777,0.5261057532424344,0.24976213130352046
prior15m_and_design_hour4,valid_reused,2880,2859,1336,832,832,462,874,370,4054,0.3458083832335329,0.5552884615384616,0.4261992619926199,0.23194444444444445
prior15m_and_design_hour4,oct01_reused_partial,155,154,90,35,35,28,62,7,213,0.3111111111111111,0.8,0.448,0.2903225806451613
prior60m_and_design_hour4,design_reused,3153,3148,1589,1432,1432,795,794,637,4080,0.500314663310258,0.5551675977653632,0.5263157894736842,0.25198223913732953
prior60m_and_design_hour4,valid_reused,2880,2859,1426,832,832,479,947,353,3981,0.33590462833099577,0.5757211538461539,0.4242692648361382,0.24756944444444445
prior60m_and_design_hour4,oct01_reused_partial,155,154,95,35,35,28,67,7,208,0.29473684210526313,0.8,0.4307692307692308,0.3064516129032258
design_chosen_activity_window,design_reused,3153,3148,3113,1432,1432,1411,1702,21,3172,0.4532605203983296,0.9853351955307262,0.6209020902090209,0.4936568347605455
design_chosen_activity_window,valid_reused,2880,2859,2573,832,832,762,1811,70,3117,0.2961523513408473,0.9158653846153846,0.44757709251101324,0.4467013888888889
design_chosen_activity_window,oct01_reused_partial,155,154,139,35,35,34,105,1,170,0.2446043165467626,0.9714285714285714,0.39080459770114945,0.4483870967741935
