split,feature,value,size,sum,mean
design_reused,hour4,0,530,256,0.4830188679245283
design_reused,hour4,1,529,269,0.5085066162570888
design_reused,hour4,2,531,221,0.416195856873823
design_reused,hour4,3,533,182,0.34146341463414637
design_reused,hour4,4,495,220,0.4444444444444444
design_reused,hour4,5,530,270,0.5094339622641509
oct01_reused_partial,hour4,0,48,17,0.3541666666666667
oct01_reused_partial,hour4,1,47,11,0.23404255319148937
oct01_reused_partial,hour4,2,47,4,0.0851063829787234
oct01_reused_partial,hour4,3,12,2,0.16666666666666666
valid_reused,hour4,0,479,151,0.31524008350730687
valid_reused,hour4,1,474,164,0.3459915611814346
valid_reused,hour4,2,475,103,0.2168421052631579
valid_reused,hour4,3,478,77,0.16108786610878661
valid_reused,hour4,4,478,140,0.2928870292887029
valid_reused,hour4,5,475,164,0.3452631578947368
design_reused,weekday,0,292,156,0.5342465753424658
design_reused,weekday,1,290,133,0.4586206896551724
design_reused,weekday,2,291,121,0.41580756013745707
design_reused,weekday,3,578,358,0.6193771626297578
design_reused,weekday,4,569,256,0.44991212653778556
design_reused,weekday,5,549,182,0.331511839708561
design_reused,weekday,6,579,212,0.36614853195164077
oct01_reused_partial,weekday,3,154,34,0.22077922077922077
valid_reused,weekday,0,564,148,0.2624113475177305
valid_reused,weekday,1,582,190,0.32646048109965636
valid_reused,weekday,2,567,176,0.31040564373897706
valid_reused,weekday,3,286,95,0.3321678321678322
valid_reused,weekday,4,290,88,0.30344827586206896
valid_reused,weekday,5,283,57,0.20141342756183744
valid_reused,weekday,6,287,45,0.156794425087108
design_reused,open_other_contracts_d0,0,1365,576,0.421978021978022
design_reused,open_other_contracts_d0,1,994,446,0.448692152917505
design_reused,open_other_contracts_d0,2,496,247,0.49798387096774194
design_reused,open_other_contracts_d0,3,208,106,0.5096153846153846
design_reused,open_other_contracts_d0,4,65,32,0.49230769230769234
design_reused,open_other_contracts_d0,5,20,11,0.55
oct01_reused_partial,open_other_contracts_d0,0,111,18,0.16216216216216217
oct01_reused_partial,open_other_contracts_d0,1,34,11,0.3235294117647059
oct01_reused_partial,open_other_contracts_d0,2,8,5,0.625
oct01_reused_partial,open_other_contracts_d0,3,1,0,0.0
valid_reused,open_other_contracts_d0,0,1891,448,0.23691168693812797
valid_reused,open_other_contracts_d0,1,733,249,0.339699863574352
valid_reused,open_other_contracts_d0,2,189,70,0.37037037037037035
valid_reused,open_other_contracts_d0,3,38,25,0.6578947368421053
valid_reused,open_other_contracts_d0,4,7,6,0.8571428571428571
valid_reused,open_other_contracts_d0,5,1,1,1.0
