salt,coin,mk,cs,ce,roles,state,rem0,limit,real_sh,real_first,won,t0,t1,ahead_interp_old,ahead_old_asof,ahead_seq_asof,snapshots_live,positive_to_zero,downward_reset_sh,depth_duplicate_uids,best_known_observations,carry99_above_best_observations,variant,sim_sh,sim_first,date,week,real_pnl,sim_pnl
112066368,btc,btc_5m,1789408200000,1789408500000,MT,cancel,3358.73,0.99,833.71,1789408412556,0.0,1789408412505,1789408419810,3358.73,3358.73,3358.73,18,0,0.0,0,750,0,original60,828.71,1789408412838.0,2026-09-14,2026-W38,-825.3729000000001,-820.4229
112066368,btc,btc_5m,1789408200000,1789408500000,MT,cancel,3358.73,0.99,833.71,1789408412556,0.0,1789408412505,1789408419810,3358.73,3358.73,3358.73,18,0,0.0,0,750,0,ordered60,828.71,1789408412838.0,2026-09-14,2026-W38,-825.3729000000001,-820.4229
112066368,btc,btc_5m,1789408200000,1789408500000,MT,cancel,3358.73,0.99,833.71,1789408412556,0.0,1789408412505,1789408419810,3358.73,3358.73,3358.73,18,0,0.0,0,750,0,ordered0,833.71,1789408412556.0,2026-09-14,2026-W38,-825.3729000000001,-825.3729000000001
112066368,btc,btc_5m,1789408200000,1789408500000,MT,cancel,3358.73,0.99,833.71,1789408412556,0.0,1789408412505,1789408419810,3358.73,3358.73,3358.73,18,0,0.0,0,750,0,ordered120,828.71,1789408412838.0,2026-09-14,2026-W38,-825.3729000000001,-820.4229
112066368,btc,btc_5m,1789408200000,1789408500000,MT,cancel,3358.73,0.99,833.71,1789408412556,0.0,1789408412505,1789408419810,3358.73,3358.73,3358.73,18,0,0.0,0,750,0,snapshot60,828.71,1789408412838.0,2026-09-14,2026-W38,-825.3729000000001,-820.4229
112066368,btc,btc_5m,1789408200000,1789408500000,MT,cancel,3358.73,0.99,833.71,1789408412556,0.0,1789408412505,1789408419810,3358.73,3358.73,3358.73,18,0,0.0,0,750,0,noself60,0.0,,2026-09-14,2026-W38,-825.3729000000001,-0.0
112066368,btc,btc_5m,1789408200000,1789408500000,MT,cancel,3358.73,0.99,833.71,1789408412556,0.0,1789408412505,1789408419810,3358.73,3358.73,3358.73,18,0,0.0,0,750,0,frontcancel60,828.71,1789408412838.0,2026-09-14,2026-W38,-825.3729000000001,-820.4229
112066368,btc,btc_5m,1789408200000,1789408500000,MT,cancel,3358.73,0.99,833.71,1789408412556,0.0,1789408412505,1789408419810,3358.73,3358.73,3358.73,18,0,0.0,0,750,0,nothrough60,828.71,1789408412838.0,2026-09-14,2026-W38,-825.3729000000001,-820.4229
120623909,btc,btc_5m,1789785300000,1789785600000,M,cancel,2000.01,0.99,1510.41,1789785512733,0.0,1789785510264,1789785526142,3800.28,3800.28,3800.28,25,0,0.0,0,1529,0,original60,0.0,,2026-09-19,2026-W38,-1495.3059,-0.0
120623909,btc,btc_5m,1789785300000,1789785600000,M,cancel,2000.01,0.99,1510.41,1789785512733,0.0,1789785510264,1789785526142,3800.28,3800.28,3800.28,25,0,0.0,0,1529,0,ordered60,0.0,,2026-09-19,2026-W38,-1495.3059,-0.0
120623909,btc,btc_5m,1789785300000,1789785600000,M,cancel,2000.01,0.99,1510.41,1789785512733,0.0,1789785510264,1789785526142,3800.28,3800.28,3800.28,25,0,0.0,0,1529,0,ordered0,0.0,,2026-09-19,2026-W38,-1495.3059,-0.0
120623909,btc,btc_5m,1789785300000,1789785600000,M,cancel,2000.01,0.99,1510.41,1789785512733,0.0,1789785510264,1789785526142,3800.28,3800.28,3800.28,25,0,0.0,0,1529,0,ordered120,0.0,,2026-09-19,2026-W38,-1495.3059,-0.0
120623909,btc,btc_5m,1789785300000,1789785600000,M,cancel,2000.01,0.99,1510.41,1789785512733,0.0,1789785510264,1789785526142,3800.28,3800.28,3800.28,25,0,0.0,0,1529,0,snapshot60,1540.41,1789785512733.0,2026-09-19,2026-W38,-1495.3059,-1525.0059
120623909,btc,btc_5m,1789785300000,1789785600000,M,cancel,2000.01,0.99,1510.41,1789785512733,0.0,1789785510264,1789785526142,3800.28,3800.28,3800.28,25,0,0.0,0,1529,0,noself60,0.0,,2026-09-19,2026-W38,-1495.3059,-0.0
120623909,btc,btc_5m,1789785300000,1789785600000,M,cancel,2000.01,0.99,1510.41,1789785512733,0.0,1789785510264,1789785526142,3800.28,3800.28,3800.28,25,0,0.0,0,1529,0,frontcancel60,178.56000000000037,1789785516497.0,2026-09-19,2026-W38,-1495.3059,-176.77440000000036
120623909,btc,btc_5m,1789785300000,1789785600000,M,cancel,2000.01,0.99,1510.41,1789785512733,0.0,1789785510264,1789785526142,3800.28,3800.28,3800.28,25,0,0.0,0,1529,0,nothrough60,0.0,,2026-09-19,2026-W38,-1495.3059,-0.0
166280790,btc,btc_5m,1790117100000,1790117400000,M,cancel,3000.01,0.99,1330.95,1790117321442,0.0,1790117321262,1790117331977,5808.36,5808.36,5808.36,18,0,0.0,0,1166,0,original60,0.0,,2026-09-22,2026-W39,-1317.6405,-0.0
166280790,btc,btc_5m,1790117100000,1790117400000,M,cancel,3000.01,0.99,1330.95,1790117321442,0.0,1790117321262,1790117331977,5808.36,5808.36,5808.36,18,0,0.0,0,1166,0,ordered60,0.0,,2026-09-22,2026-W39,-1317.6405,-0.0
166280790,btc,btc_5m,1790117100000,1790117400000,M,cancel,3000.01,0.99,1330.95,1790117321442,0.0,1790117321262,1790117331977,5808.36,5808.36,5808.36,18,0,0.0,0,1166,0,ordered0,0.0,,2026-09-22,2026-W39,-1317.6405,-0.0
166280790,btc,btc_5m,1790117100000,1790117400000,M,cancel,3000.01,0.99,1330.95,1790117321442,0.0,1790117321262,1790117331977,5808.36,5808.36,5808.36,18,0,0.0,0,1166,0,ordered120,0.0,,2026-09-22,2026-W39,-1317.6405,-0.0
166280790,btc,btc_5m,1790117100000,1790117400000,M,cancel,3000.01,0.99,1330.95,1790117321442,0.0,1790117321262,1790117331977,5808.36,5808.36,5808.36,18,0,0.0,0,1166,0,snapshot60,1330.95,1790117321442.0,2026-09-22,2026-W39,-1317.6405,-1317.6405
166280790,btc,btc_5m,1790117100000,1790117400000,M,cancel,3000.01,0.99,1330.95,1790117321442,0.0,1790117321262,1790117331977,5808.36,5808.36,5808.36,18,0,0.0,0,1166,0,noself60,0.0,,2026-09-22,2026-W39,-1317.6405,-0.0
166280790,btc,btc_5m,1790117100000,1790117400000,M,cancel,3000.01,0.99,1330.95,1790117321442,0.0,1790117321262,1790117331977,5808.36,5808.36,5808.36,18,0,0.0,0,1166,0,frontcancel60,0.0,,2026-09-22,2026-W39,-1317.6405,-0.0
166280790,btc,btc_5m,1790117100000,1790117400000,M,cancel,3000.01,0.99,1330.95,1790117321442,0.0,1790117321262,1790117331977,5808.36,5808.36,5808.36,18,0,0.0,0,1166,0,nothrough60,0.0,,2026-09-22,2026-W39,-1317.6405,-0.0
39513448,btc,btc_5m,1790078700000,1790079000000,MT,cancel,2948.28,0.99,109.03999999999999,1790078985024,0.0,1790078984934,1790078987415,2948.28,2948.28,2948.28,19,0,0.0,0,726,0,original60,109.04,1790078985024.0,2026-09-22,2026-W39,-107.94959999999999,-107.9496
39513448,btc,btc_5m,1790078700000,1790079000000,MT,cancel,2948.28,0.99,109.03999999999999,1790078985024,0.0,1790078984934,1790078987415,2948.28,2948.28,2948.28,19,0,0.0,0,726,0,ordered60,109.04,1790078985024.0,2026-09-22,2026-W39,-107.94959999999999,-107.9496
39513448,btc,btc_5m,1790078700000,1790079000000,MT,cancel,2948.28,0.99,109.03999999999999,1790078985024,0.0,1790078984934,1790078987415,2948.28,2948.28,2948.28,19,0,0.0,0,726,0,ordered0,74.16,1790078985024.0,2026-09-22,2026-W39,-107.94959999999999,-73.41839999999999
39513448,btc,btc_5m,1790078700000,1790079000000,MT,cancel,2948.28,0.99,109.03999999999999,1790078985024,0.0,1790078984934,1790078987415,2948.28,2948.28,2948.28,19,0,0.0,0,726,0,ordered120,102.63000000000001,1790078985114.0,2026-09-22,2026-W39,-107.94959999999999,-101.6037
39513448,btc,btc_5m,1790078700000,1790079000000,MT,cancel,2948.28,0.99,109.03999999999999,1790078985024,0.0,1790078984934,1790078987415,2948.28,2948.28,2948.28,19,0,0.0,0,726,0,snapshot60,109.04,1790078985024.0,2026-09-22,2026-W39,-107.94959999999999,-107.9496
39513448,btc,btc_5m,1790078700000,1790079000000,MT,cancel,2948.28,0.99,109.03999999999999,1790078985024,0.0,1790078984934,1790078987415,2948.28,2948.28,2948.28,19,0,0.0,0,726,0,noself60,0.0,,2026-09-22,2026-W39,-107.94959999999999,-0.0
39513448,btc,btc_5m,1790078700000,1790079000000,MT,cancel,2948.28,0.99,109.03999999999999,1790078985024,0.0,1790078984934,1790078987415,2948.28,2948.28,2948.28,19,0,0.0,0,726,0,frontcancel60,109.04,1790078985024.0,2026-09-22,2026-W39,-107.94959999999999,-107.9496
39513448,btc,btc_5m,1790078700000,1790079000000,MT,cancel,2948.28,0.99,109.03999999999999,1790078985024,0.0,1790078984934,1790078987415,2948.28,2948.28,2948.28,19,0,0.0,0,726,0,nothrough60,109.04,1790078985024.0,2026-09-22,2026-W39,-107.94959999999999,-107.9496
84837028,btc,btc_5m,1790159400000,1790159700000,MT,cancel,1203.92,0.99,537.91,1790159643831,0.0,1790159643785,1790159645490,1203.92,1203.92,1203.92,12,0,0.0,0,791,0,original60,536.2,1790159643917.0,2026-09-23,2026-W39,-532.5309,-530.8380000000001
84837028,btc,btc_5m,1790159400000,1790159700000,MT,cancel,1203.92,0.99,537.91,1790159643831,0.0,1790159643785,1790159645490,1203.92,1203.92,1203.92,12,0,0.0,0,791,0,ordered60,536.2,1790159643917.0,2026-09-23,2026-W39,-532.5309,-530.8380000000001
84837028,btc,btc_5m,1790159400000,1790159700000,MT,cancel,1203.92,0.99,537.91,1790159643831,0.0,1790159643785,1790159645490,1203.92,1203.92,1203.92,12,0,0.0,0,791,0,ordered0,1203.92,1790159643802.0,2026-09-23,2026-W39,-532.5309,-1191.8808000000001
84837028,btc,btc_5m,1790159400000,1790159700000,MT,cancel,1203.92,0.99,537.91,1790159643831,0.0,1790159643785,1790159645490,1203.92,1203.92,1203.92,12,0,0.0,0,791,0,ordered120,887.43,1790159643917.0,2026-09-23,2026-W39,-532.5309,-878.5556999999999
84837028,btc,btc_5m,1790159400000,1790159700000,MT,cancel,1203.92,0.99,537.91,1790159643831,0.0,1790159643785,1790159645490,1203.92,1203.92,1203.92,12,0,0.0,0,791,0,snapshot60,536.2,1790159643917.0,2026-09-23,2026-W39,-532.5309,-530.8380000000001
84837028,btc,btc_5m,1790159400000,1790159700000,MT,cancel,1203.92,0.99,537.91,1790159643831,0.0,1790159643785,1790159645490,1203.92,1203.92,1203.92,12,0,0.0,0,791,0,noself60,0.0,,2026-09-23,2026-W39,-532.5309,-0.0
84837028,btc,btc_5m,1790159400000,1790159700000,MT,cancel,1203.92,0.99,537.91,1790159643831,0.0,1790159643785,1790159645490,1203.92,1203.92,1203.92,12,0,0.0,0,791,0,frontcancel60,536.2,1790159643917.0,2026-09-23,2026-W39,-532.5309,-530.8380000000001
84837028,btc,btc_5m,1790159400000,1790159700000,MT,cancel,1203.92,0.99,537.91,1790159643831,0.0,1790159643785,1790159645490,1203.92,1203.92,1203.92,12,0,0.0,0,791,0,nothrough60,536.2,1790159643917.0,2026-09-23,2026-W39,-532.5309,-530.8380000000001
