source,variant,roles,orders,recall,real_sh,sim_sh,share_ratio,real_pnl,sim_pnl,real_loser_sh,sim_loser_sh
level,frontcancel60,M,540,0.924074074074074,713926.462,785888.8159999998,1.1007979922727666,4297.904620000006,7680.328160000005,2841.36,178.56000000000037
level,frontcancel60,MT,306,0.9836601307189542,376329.385,385905.29,1.0254455415433477,2282.6338500000033,2385.1029000000035,1480.6599999999999,1473.95
level,noself60,M,540,0.26666666666666666,713926.462,186177.477,0.2607796277482708,4297.904620000006,1861.7747700000016,2841.36,0.0
level,noself60,MT,306,0.28104575163398693,376329.385,104335.51,0.2772451850923095,2282.6338500000033,1043.3551000000011,1480.6599999999999,0.0
level,nothrough60,M,540,0.7555555555555555,713926.462,543173.8960000001,0.7608261143288453,4297.904620000006,5431.738960000005,2841.36,0.0
level,nothrough60,MT,306,0.9836601307189542,376329.385,380769.63999999996,1.0117988527523567,2282.6338500000033,2333.746400000003,1480.6599999999999,1473.95
level,ordered0,M,540,0.6685185185185185,713926.462,477180.0660000001,0.668388260414418,4297.904620000006,4771.800660000004,2841.36,0.0
level,ordered0,MT,306,0.9738562091503268,376329.385,367584.31,0.9767621786961972,2282.6338500000033,1564.0531000000033,1480.6599999999999,2111.79
level,ordered120,M,540,0.8166666666666667,713926.462,615080.8859999999,0.861546557998294,4297.904620000006,6150.808860000006,2841.36,0.0
level,ordered120,MT,306,0.9803921568627451,376329.385,397959.26,1.0574759130223115,2282.6338500000033,2160.8226000000036,1480.6599999999999,1818.77
level,ordered60,M,540,0.7574074074074074,713926.462,545580.6560000001,0.7641972738643213,4297.904620000006,5455.8065600000045,2841.36,0.0
level,ordered60,MT,306,0.9836601307189542,376329.385,385895.29,1.0254189690767836,2282.6338500000033,2385.002900000003,1480.6599999999999,1473.95
level,original60,M,540,0.7574074074074074,713926.462,545580.6560000001,0.7641972738643213,4297.904620000006,5455.8065600000045,2841.36,0.0
level,original60,MT,306,0.9836601307189542,376329.385,385895.29,1.0254189690767836,2282.6338500000033,2385.002900000003,1480.6599999999999,1473.95
level,snapshot60,M,540,0.8351851851851851,713926.462,658789.076,0.9227688159288315,4297.904620000006,3716.530760000005,2841.36,2871.36
level,snapshot60,MT,306,0.9836601307189542,376329.385,384647.49,1.0221032566989154,2282.6338500000033,2372.524900000003,1480.6599999999999,1473.95
canonical,canonical0,M,540,0.6685185185185185,713926.462,478247.99600000004,0.6698841147591473,4297.904620000007,4782.479960000004,2841.36,0.0
canonical,canonical0,MT,306,0.9738562091503268,376329.385,367584.31,0.9767621786961972,2282.633850000003,1564.0531000000035,1480.6599999999999,2111.79
canonical,canonical20,M,540,0.6759259259259259,713926.462,481390.24600000004,0.6742854784390945,4297.904620000007,4813.902460000005,2841.36,0.0
canonical,canonical20,MT,306,0.9738562091503268,376329.385,359989.83,0.9565817721090263,2282.633850000003,2119.2383000000036,1480.6599999999999,1480.6599999999999
canonical,canonical60,M,540,0.7574074074074074,713926.462,545342.8090000001,0.7638641205037727,4297.904620000007,5453.428090000005,2841.36,0.0
canonical,canonical60,MT,306,0.9836601307189542,376329.385,386050.41000000003,1.025831161178126,2282.633850000003,2386.554100000003,1480.6599999999999,1473.9499999999998
canonical,canonical_nobetter60,M,540,0.7574074074074074,713926.462,545811.176,0.7645201642630806,4297.904620000007,5458.111760000004,2841.36,0.0
canonical,canonical_nobetter60,MT,306,0.9836601307189542,376329.385,386050.41000000003,1.025831161178126,2282.633850000003,2386.554100000003,1480.6599999999999,1473.9499999999998
