variant,week,orders,real_fills,sim_fills,agreement,missed,false_fill,real_sh,sim_sh,share_ratio,real_loser_sh,sim_loser_sh,real_pnl,sim_pnl,real_dd,sim_dd
frontcancel60,2026-W37,171,171,159,0.9298245614035088,12,0,194140.929,203075.38999999998,1.0460204916398643,0.0,0.0,1941.4092900000014,2030.753900000002,0.0,0.0
frontcancel60,2026-W38,296,296,284,0.9594594594594594,12,0,360403.99400000006,404539.4619999998,1.1224610957002872,2344.12,1007.2700000000004,1259.919940000003,3038.1246200000014,1494.5667,820.4229
frontcancel60,2026-W39,274,274,256,0.9343065693430657,18,0,372690.844,380994.734,1.0222809069063152,1977.9,645.24,1749.0084400000032,3164.7073400000036,1507.0715999999998,530.8380000000002
frontcancel60,2026-W40,105,105,101,0.9619047619047619,4,0,163020.08,183184.52000000002,1.1236929830975426,0.0,0.0,1630.2008000000014,1831.8452000000018,0.0,0.0
noself60,2026-W37,171,171,51,0.2982456140350877,120,0,194140.929,63515.382999999994,0.32716121905443235,0.0,0.0,1941.4092900000014,635.1538300000005,0.0,0.0
noself60,2026-W38,296,296,91,0.30743243243243246,205,0,360403.99400000006,115925.93000000001,0.32165550862346987,2344.12,0.0,1259.919940000003,1159.259300000001,1494.5667,0.0
noself60,2026-W39,274,274,68,0.24817518248175183,206,0,372690.844,81845.694,0.21960747176284268,1977.9,0.0,1749.0084400000032,818.4569400000008,1507.0715999999998,0.0
noself60,2026-W40,105,105,20,0.19047619047619047,85,0,163020.08,29225.98,0.17927840545778165,0.0,0.0,1630.2008000000014,292.25980000000027,0.0,0.0
nothrough60,2026-W37,171,171,141,0.8245614035087719,30,0,194140.929,162648.28000000003,0.8377845971881592,0.0,0.0,1941.4092900000014,1626.4828000000016,0.0,0.0
nothrough60,2026-W38,296,296,245,0.8277027027027027,51,0,360403.99400000006,318638.882,0.8841158458415972,2344.12,828.71,1259.919940000003,2357.678820000003,1494.5667,820.4229
nothrough60,2026-W39,274,274,229,0.8357664233576643,45,0,372690.844,303570.914,0.8145381591397507,1977.9,645.24,1749.0084400000032,2390.469140000003,1507.0715999999998,530.8380000000001
nothrough60,2026-W40,105,105,94,0.8952380952380953,11,0,163020.08,139085.46,0.8531799272825777,0.0,0.0,1630.2008000000014,1390.8546000000013,0.0,0.0
ordered0,2026-W37,171,171,132,0.7719298245614035,39,0,194140.929,151993.72,0.7829040521383309,0.0,0.0,1941.4092900000014,1519.9372000000012,0.0,0.0
ordered0,2026-W38,296,296,224,0.7567567567567568,72,0,360403.99400000006,289824.312,0.8041650947963688,2344.12,833.71,1259.919940000003,2064.533120000003,1494.5667,825.3729000000001
ordered0,2026-W39,274,274,214,0.781021897810219,60,0,372690.844,272084.084,0.7300530409596002,1977.9,1278.0800000000002,1749.0084400000032,1442.7608400000022,1507.0715999999998,1191.8808000000001
ordered0,2026-W40,105,105,89,0.8476190476190476,16,0,163020.08,130862.26000000001,0.8027370615938848,0.0,0.0,1630.2008000000014,1308.6226000000013,0.0,0.0
ordered120,2026-W37,171,171,150,0.8771929824561403,21,0,194140.929,177530.53000000003,0.9144415395271959,0.0,0.0,1941.4092900000014,1775.3053000000018,0.0,0.0
ordered120,2026-W38,296,296,262,0.8851351351351351,34,0,360403.99400000006,351754.472,0.9760004823919902,2344.12,828.71,1259.919940000003,2688.8347200000026,1494.5667,820.4229
ordered120,2026-W39,274,274,233,0.8503649635036497,41,0,372690.844,334821.904,0.898390474009069,1977.9,990.06,1749.0084400000032,2358.159040000003,1507.0715999999998,878.5556999999999
ordered120,2026-W40,105,105,96,0.9142857142857143,9,0,163020.08,148933.24000000002,0.9135883137831857,0.0,0.0,1630.2008000000014,1489.3324000000014,0.0,0.0
ordered60,2026-W37,171,171,142,0.8304093567251462,29,0,194140.929,164849.74000000002,0.8491240917055672,0.0,0.0,1941.4092900000014,1648.4974000000016,0.0,0.0
ordered60,2026-W38,296,296,245,0.8277027027027027,51,0,360403.99400000006,322635.812,0.895205983760546,2344.12,828.71,1259.919940000003,2397.6481200000026,1494.5667,820.4229
ordered60,2026-W39,274,274,229,0.8357664233576643,45,0,372690.844,304904.934,0.8181175870260983,1977.9,645.24,1749.0084400000032,2403.8093400000025,1507.0715999999998,530.8380000000001
ordered60,2026-W40,105,105,94,0.8952380952380953,11,0,163020.08,139085.46,0.8531799272825777,0.0,0.0,1630.2008000000014,1390.8546000000013,0.0,0.0
original60,2026-W37,171,171,142,0.8304093567251462,29,0,194140.929,164849.74000000002,0.8491240917055672,0.0,0.0,1941.4092900000014,1648.4974000000016,0.0,0.0
original60,2026-W38,296,296,245,0.8277027027027027,51,0,360403.99400000006,322635.812,0.895205983760546,2344.12,828.71,1259.919940000003,2397.6481200000026,1494.5667,820.4229
original60,2026-W39,274,274,229,0.8357664233576643,45,0,372690.844,304904.934,0.8181175870260983,1977.9,645.24,1749.0084400000032,2403.8093400000025,1507.0715999999998,530.8380000000001
original60,2026-W40,105,105,94,0.8952380952380953,11,0,163020.08,139085.46,0.8531799272825777,0.0,0.0,1630.2008000000014,1390.8546000000013,0.0,0.0
snapshot60,2026-W37,171,171,148,0.8654970760233918,23,0,194140.929,181553.72999999998,0.93516462981384,0.0,0.0,1941.4092900000014,1815.5373000000018,0.0,0.0
snapshot60,2026-W38,296,296,261,0.8817567567567568,35,0,360403.99400000006,348686.642,0.9674882848273871,2344.12,2369.12,1259.919940000003,1117.7464200000031,1494.5667,1524.2667000000001
snapshot60,2026-W39,274,274,246,0.8978102189781022,28,0,372690.844,354508.074,0.9512121902302489,1977.9,1976.19,1749.0084400000032,1568.8907400000032,1507.0715999999998,1497.5726599999998
snapshot60,2026-W40,105,105,97,0.9238095238095239,8,0,163020.08,158688.12,0.9734268318356856,0.0,0.0,1630.2008000000014,1586.8812000000014,0.0,0.0
