variant,reason,intents,pnl,fills
L300,missing_or_invalid_bbo,1,0.0,0
L300,ok,3901,1909.4129739700002,1550
L300,stale_book_gt1s,13,0.0,0
L325,missing_or_invalid_bbo,1,0.0,0
L325,ok,3900,1713.3475440700001,1456
L325,stale_book_gt1s,14,0.0,0
L350,missing_or_invalid_bbo,1,0.0,0
L350,ok,3900,1567.5165804300002,1400
L350,stale_book_gt1s,14,0.0,0
L400,bbo_ladder_mismatch,1,0.0,0
L400,missing_or_invalid_bbo,2,0.0,0
L400,ok,3901,1499.57530457,1297
L400,stale_book_gt1s,11,0.0,0
L500,missing_or_invalid_bbo,4,0.0,0
L500,ok,3900,1089.57438754,1161
L500,stale_book_gt1s,11,0.0,0
legacy_L300_diagnostic,ok,3915,1945.04129013,1563
