variant,date,intents,fills,shares,gross_pnl,fees,net_pnl,max_drawdown,mpdd,fill_rate,coverage_rate,eligible_intents,cents_per_share,mean_fill_price,equity,drawdown,has_intents,date_basis
L300,2026-08-18,4,2,40.0,7.4,0.4977000000000001,6.902300000000001,2.54784,2.7090790630494856,0.5,0.75,3,17.255750000000003,0.315,6.902300000000001,0.0,True,contract_end_payout_proxy
L300,2026-08-19,77,33,659.4200000000001,23.791600000000006,6.069781340000001,17.721818660000004,20.610534409999996,0.8598427535872908,0.42857142857142855,0.987012987012987,76,2.6874857693124263,0.5089751599890813,24.624118660000004,0.0,True,contract_end_payout_proxy
L300,2026-08-20,135,56,1119.06,-0.7032999999999934,10.713146570000001,-11.416446569999984,47.48395378000001,-0.2404274636205322,0.4148148148148148,0.9851851851851852,133,-1.0201818106267748,0.4295598984862295,13.20767209000002,11.416446569999984,True,contract_end_payout_proxy
L300,2026-08-21,291,147,2866.7200000000003,-8.951199999999986,29.406270320000004,-38.35747031999999,69.92864132000001,-0.5485230314210255,0.5051546391752577,0.993127147766323,289,-1.3380263967182,0.46790450410224926,-25.14979822999997,49.773916889999974,True,contract_end_payout_proxy
L300,2026-08-22,88,47,889.5899999999999,36.352500000000006,8.06689317,28.285606830000006,44.674585099999994,0.6331476110339973,0.5340909090909091,0.9886363636363636,87,3.179622840859273,0.5376268842950124,3.1358086000000363,21.488310059999968,True,contract_end_payout_proxy
L300,2026-08-23,57,25,466.0,63.8591,3.8672171300000007,59.991882870000005,5.556640049999999,10.796431356031425,0.43859649122807015,1.0,57,12.873794607296139,0.6054525751072962,63.127691470000045,0.0,True,contract_end_payout_proxy
L300,2026-08-24,136,75,1463.5900000000001,0.5556000000000161,13.905538780000002,-13.349938780000006,60.02573896,-0.2224035723891071,0.5514705882352942,0.9926470588235294,135,-0.9121365122746128,0.5234761101128047,49.77775269000004,13.349938780000002,True,contract_end_payout_proxy
L300,2026-08-25,120,61,1196.37,41.66510000000003,11.05728687,30.60781313000002,32.030984239999995,0.9555689235355206,0.5083333333333333,0.9916666666666667,119,2.5583902245960717,0.5384244840642946,80.38556582000007,0.0,True,contract_end_payout_proxy
L300,2026-08-26,55,31,598.63,40.391700000000014,5.690710970000001,34.70098903000001,16.49214,2.1040925574243254,0.5636363636363636,0.9818181818181818,54,5.796734047742347,0.49820139318109674,115.08655485000008,0.0,True,contract_end_payout_proxy
L300,2026-08-27,72,48,945.1800000000001,34.6724,8.374252040000002,26.29814796,21.999985770000002,1.195371135005966,0.6666666666666666,0.9861111111111112,71,2.782342829937155,0.513476374870395,141.38470281000008,0.0,True,contract_end_payout_proxy
L300,2026-08-28,87,41,804.51,69.0392,7.809544120000002,61.22965588,15.79848,3.8756675249770867,0.47126436781609193,1.0,87,7.610801093833514,0.411381834905719,202.61435869000007,0.0,True,contract_end_payout_proxy
L300,2026-08-29,5,1,20.0,-1.7999999999999998,0.11466000000000001,-1.9146599999999998,1.9146599999999998,-1.0,0.2,1.0,5,-9.5733,0.09,200.69969869000008,1.9146599999999978,True,contract_end_payout_proxy
L300,2026-08-30,28,15,280.07,2.973900000000005,2.4165190700000005,0.5573809300000087,20.92299356,0.026639635882008496,0.5357142857142857,1.0,28,0.19901486414111066,0.48950655193344517,201.2570796200001,1.3572790699999757,True,contract_end_payout_proxy
L300,2026-08-31,61,33,649.3199999999999,-6.799899999999994,4.925813130000001,-11.725713129999995,48.385373480000005,-0.2423400355656404,0.5409836065573771,0.9836065573770492,60,-1.8058450579067324,0.45604617137928927,189.5313664900001,13.082992199999978,True,contract_end_payout_proxy
L300,2026-09-01,47,18,360.0,-20.286899999999992,2.6033868700000005,-22.89028686999999,22.890286869999986,-1.0000000000000002,0.3829787234042553,1.0,47,-6.358413019444442,0.3896858333333333,166.6410796200001,35.97327906999996,True,contract_end_payout_proxy
L300,2026-09-02,42,11,190.8,-4.283999999999999,1.1422376000000005,-5.426237599999998,19.552334999999996,-0.2775237637857575,0.2619047619047619,1.0,42,-2.8439400419287195,0.681781970649895,161.2148420200001,41.39951666999997,True,contract_end_payout_proxy
L300,2026-09-03,62,34,677.27,-37.763299999999994,6.75022033,-44.513520329999984,66.09966837,-0.6734303125521109,0.5483870967741935,1.0,62,-6.572492555406261,0.5282432412479514,116.70132169000013,85.91303699999995,True,contract_end_payout_proxy
L300,2026-09-04,103,48,928.9200000000001,50.75849999999999,10.15329595,40.60520404999999,45.807317049999995,0.8864348899910084,0.46601941747572817,1.0,103,4.371227237006415,0.450158786547819,157.30652574000013,45.30783294999995,True,contract_end_payout_proxy
L300,2026-09-05,44,15,275.0,78.8553,3.8194254700000005,75.03587453,13.514160000000004,5.552389088925985,0.3409090909090909,1.0,44,27.285772556363636,0.4950716363636364,232.34240027000013,0.0,True,contract_end_payout_proxy
L300,2026-09-06,43,10,151.32999999999998,0.7135999999999989,1.09346202,-0.37986201999999936,7.45386014,-0.05096178528512065,0.23255813953488372,1.0,43,-0.25101567435406025,0.3771651357959427,231.96253825000014,0.37986201999999025,True,contract_end_payout_proxy
L300,2026-09-07,75,12,220.0,27.112899999999996,1.9199711300000004,25.192928870000003,13.111479999999998,1.921440513961811,0.16,1.0,75,11.451331304545457,0.4222140909090909,257.15546712000014,0.0,True,contract_end_payout_proxy
L300,2026-09-08,108,25,459.08,71.625,4.987077620000001,66.63792237999999,24.792933919999996,2.6877788080677467,0.23148148148148148,1.0,108,14.515535937091572,0.46478827219656704,323.7933895000001,0.0,True,contract_end_payout_proxy
L300,2026-09-09,104,37,656.74,85.22530000000002,7.585601030000001,77.63969897000001,40.539120000000004,1.9151796824894078,0.3557692307692308,1.0,104,11.821984190090449,0.48453680299661966,401.43308847000014,0.0,True,contract_end_payout_proxy
L300,2026-09-10,71,16,275.0,46.95,3.1157350000000004,43.834265,22.567459999999997,1.9423659109177553,0.22535211267605634,1.0,71,15.939732727272728,0.3201818181818182,445.26735347000016,0.0,True,contract_end_payout_proxy
L300,2026-09-11,141,50,944.12,133.4921,11.76476637,121.72733362999998,34.15615,3.5638481980551084,0.3546099290780142,0.9929078014184397,140,12.893205697368975,0.46958850569842814,566.9946871000002,0.0,True,contract_end_payout_proxy
L300,2026-09-12,44,7,140.0,93.8,1.8355400000000004,91.96446,0.0,,0.1590909090909091,1.0,44,65.6889,0.33,658.9591471000002,0.0,True,contract_end_payout_proxy
L300,2026-09-13,31,6,105.0,7.699999999999999,1.0556,6.6444,4.01546,1.654704566849128,0.1935483870967742,1.0,31,6.328,0.3552380952380952,665.6035471000002,0.0,True,contract_end_payout_proxy
L300,2026-09-14,121,33,640.0,41.6285,6.84110651,34.78739349,24.941785000000003,1.3947435394058603,0.2727272727272727,1.0,121,5.4355302328125,0.46620546874999996,700.3909405900002,0.0,True,contract_end_payout_proxy
L300,2026-09-15,148,51,992.84,93.64760000000001,11.633431040000001,82.01416896000002,21.414438749999995,3.829853769107072,0.34459459459459457,1.0,148,8.260562523669476,0.4625140002417307,782.4051095500002,0.0,True,contract_end_payout_proxy
L300,2026-09-16,153,57,1069.47,120.0239,13.309893030000001,106.71400697000003,28.93138207999999,3.688520882788053,0.37254901960784315,1.0,153,9.97821415934996,0.46674156357822094,889.1191165200003,0.0,True,contract_end_payout_proxy
L300,2026-09-17,100,27,513.23,51.8607,5.150006190000001,46.71069381,31.931994999999993,1.46281789816139,0.27,1.0,100,9.101317890614345,0.4270781131266683,935.8298103300002,0.0,True,contract_end_payout_proxy
L300,2026-09-18,171,61,1124.6599999999999,133.8246,13.38675912,120.43784087999998,39.96983200000001,3.013218591461679,0.3567251461988304,1.0,171,10.70882230007291,0.4597970942329237,1056.2676512100002,0.0,True,contract_end_payout_proxy
L300,2026-09-19,59,17,334.0,82.191,3.6974623,78.4935377,9.279360000000011,8.458938730688313,0.288135593220339,1.0,59,23.50105919161677,0.274877245508982,1134.76118891,0.0,True,contract_end_payout_proxy
L300,2026-09-20,77,29,554.81,142.2553,5.766364450000001,136.48893555,19.94070972,6.84473809942207,0.37662337662337664,1.0,77,24.601022971828197,0.3632859897983094,1271.25012446,0.0,True,contract_end_payout_proxy
L300,2026-09-21,196,74,1432.74,169.57979999999998,16.90949554,152.67030445999998,40.33985042000003,3.7846026415682443,0.37755102040816324,1.0,196,10.655827607242067,0.42445258735011243,1423.92042892,0.0,True,contract_end_payout_proxy
L300,2026-09-22,140,46,861.54,122.20750000000001,9.27381931,112.93368069,44.35899121,2.5459028172070104,0.32857142857142857,1.0,140,13.108350243749566,0.3971521925853704,1536.85410961,0.0,True,contract_end_payout_proxy
L300,2026-09-23,98,44,854.76,72.08439999999999,10.826764200000001,61.25763579999999,36.852983480000006,1.662216461612784,0.4489795918367347,1.0,98,7.166647456596002,0.4710978520286396,1598.11174541,0.0,True,contract_end_payout_proxy
L300,2026-09-24,87,36,679.97,62.611099999999986,7.84447027,54.76662972999996,28.747901000000002,1.9050653378137055,0.41379310344827586,1.0,87,8.054271472270829,0.43735591276085706,1652.87837514,0.0,True,contract_end_payout_proxy
L300,2026-09-25,92,47,861.04,78.03529999999999,9.512898290000003,68.52240171000001,28.519992000000002,2.4026094295538374,0.5108695652173914,1.0,92,7.958097383396824,0.39407542042181554,1721.4007768499998,0.0,True,contract_end_payout_proxy
L300,2026-09-26,17,3,60.0,25.2,0.6792800000000001,24.520719999999997,1.2789600000000014,19.172390066929356,0.17647058823529413,1.0,17,40.867866666666664,0.24666666666666667,1745.9214968499998,0.0,True,contract_end_payout_proxy
L300,2026-09-27,29,6,120.0,32.900000000000006,1.6090900000000006,31.290910000000004,4.873139999999999,6.421098101019057,0.20689655172413793,1.0,29,26.075758333333336,0.39249999999999996,1777.2124068499998,0.0,True,contract_end_payout_proxy
L300,2026-09-28,76,22,412.56,1.4369999999999976,3.78961226,-2.35261225999999,33.24937,-0.07075659659115316,0.2894736842105263,1.0,76,-0.5702472997866953,0.5844555943377933,1774.8597945899999,2.352612259999887,True,contract_end_payout_proxy
L300,2026-09-29,53,16,320.0,91.1515,3.798059650000001,87.35344035,0.0,,0.3018867924528302,1.0,53,27.297950109375,0.6526515625,1862.21323494,0.0,True,contract_end_payout_proxy
L300,2026-09-30,92,49,906.47,71.23819999999998,10.83391246,60.404287540000006,27.865522,2.167707015859958,0.532608695652174,1.0,92,6.663683027568481,0.4415279049499708,1922.61752248,0.0,True,contract_end_payout_proxy
L300,2026-10-01,75,28,517.29,-7.447699999999994,5.75684851,-13.204548509999999,38.55937351,-0.3424471745262025,0.37333333333333335,0.9866666666666667,74,-2.552639430493534,0.46109087745751903,1909.41297397,13.204548509999995,True,contract_end_payout_proxy
L325,2026-08-18,4,2,40.0,7.4,0.4977000000000001,6.902300000000001,2.54784,2.7090790630494856,0.5,0.75,3,17.255750000000003,0.315,6.902300000000001,0.0,True,contract_end_payout_proxy
L325,2026-08-19,77,33,649.5,21.920000000000005,5.971896000000002,15.948103999999997,20.734999999999996,0.7691393296358814,0.42857142857142855,0.987012987012987,76,2.455443264049268,0.5043571978444957,22.850403999999997,0.0,True,contract_end_payout_proxy
L325,2026-08-20,135,53,1054.06,5.53670000000001,9.53269457,-3.995994569999983,48.64096178,-0.08215286918202017,0.3925925925925926,0.9851851851851852,133,-0.3791050386126011,0.42641149460182537,18.854409430000015,3.995994569999983,True,contract_end_payout_proxy
L325,2026-08-21,291,148,2890.01,3.2073999999999927,29.480215240000003,-26.272815239999986,72.37007869000003,-0.3630342223688962,0.5085910652920962,0.993127147766323,289,-0.9090908072982441,0.46279514603755695,-7.418405809999971,30.26880980999997,True,contract_end_payout_proxy
L325,2026-08-22,88,43,850.25,44.353500000000004,7.522038790000002,36.83146121000001,32.08597999999999,1.1478989019503227,0.48863636363636365,0.9886363636363636,87,4.331839013231403,0.5358970890914436,29.413055400000037,0.0,True,contract_end_payout_proxy
L325,2026-08-23,57,23,441.55,54.7206,3.443640480000001,51.276959520000005,4.5775404,11.201858430348317,0.40350877192982454,1.0,57,11.612945197599368,0.6121150492582946,80.69001492000004,0.0,True,contract_end_payout_proxy
L325,2026-08-24,136,74,1433.5900000000001,0.15570000000001194,13.462720390000003,-13.307020390000002,59.98282056999999,-0.2218471933054682,0.5441176470588235,0.9926470588235294,135,-0.9282305533660252,0.5207585850905767,67.38299453000003,13.307020390000005,True,contract_end_payout_proxy
L325,2026-08-25,120,62,1213.61,35.78210000000001,11.341055810000002,24.44104419000001,42.78042423999999,0.5713137404361565,0.5166666666666667,0.9916666666666667,119,2.013912557576158,0.535343232175081,91.82403872000005,0.0,True,contract_end_payout_proxy
L325,2026-08-26,55,30,593.63,37.59950000000002,5.591107830000001,32.00839217000002,16.49214,1.9408270952102047,0.5454545454545454,0.9818181818181818,54,5.391976849215845,0.498678469753887,123.83243089000007,0.0,True,contract_end_payout_proxy
L325,2026-08-27,72,47,930.0,30.737700000000004,8.142411270000002,22.59528873,25.702844999999996,0.8790967976502213,0.6527777777777778,0.9861111111111112,71,2.4296009387096777,0.5153358064516129,146.42771962000006,0.0,True,contract_end_payout_proxy
L325,2026-08-28,87,41,804.51,81.18910000000001,8.028656930000002,73.16044307000003,15.79848,4.630853289050594,0.47126436781609193,1.0,87,9.093789147431359,0.42113945134305353,219.5881626900001,0.0,True,contract_end_payout_proxy
L325,2026-08-29,5,1,20.0,-2.0,0.12600000000000003,-2.126,2.126,-1.0,0.2,1.0,5,-10.629999999999999,0.1,217.4621626900001,2.1260000000000048,True,contract_end_payout_proxy
L325,2026-08-30,28,14,265.0,-0.870299999999995,2.3744107100000003,-3.2447107099999903,23.604045199999995,-0.13746417965679844,0.5,1.0,28,-1.224419135849053,0.4561143396226415,214.2174519800001,5.370710709999997,True,contract_end_payout_proxy
L325,2026-08-31,61,33,649.3199999999999,-6.8677999999999955,4.945609900000001,-11.813409899999995,48.12994848,-0.2454482141178472,0.5409836065573771,0.9836065573770492,60,-1.8193509979671034,0.4561507423150374,202.40404208000012,17.18412060999998,True,contract_end_payout_proxy
L325,2026-09-01,47,18,348.97,-18.93819999999999,2.5218135600000005,-21.460013559999993,21.46001355999999,-1.0000000000000002,0.3829787234042553,1.0,47,-6.149529632919733,0.39813794882081543,180.94402852000013,38.64413416999997,True,contract_end_payout_proxy
L325,2026-09-02,42,12,210.8,10.676,1.4071176000000003,9.268882400000004,4.814834999999997,1.9250675049093084,0.2857142857142857,1.0,42,4.397003036053133,0.6410056925996205,190.21291092000013,29.375251769999977,True,contract_end_payout_proxy
L325,2026-09-03,62,33,658.48,-35.83429999999999,6.664181090000001,-42.49848108999999,65.35876413,-0.6502338539552185,0.532258064516129,1.0,62,-6.454027622706839,0.5403874073624104,147.71442983000014,71.87373285999996,True,contract_end_payout_proxy
L325,2026-09-04,103,47,890.32,35.799600000000005,9.62095596,26.178644040000002,57.01636084999999,0.45914266799439213,0.4563106796116505,1.0,103,2.9403634693144043,0.4431220235420972,173.89307387000014,45.69508881999997,True,contract_end_payout_proxy
L325,2026-09-05,44,12,230.0,49.85529999999999,3.2263854700000003,46.62891453,13.51416,3.450374609298691,0.2727272727272727,0.9772727272727273,43,20.2734411,0.5223682608695652,220.52198840000014,0.0,True,contract_end_payout_proxy
L325,2026-09-06,43,8,130.92000000000002,-8.989799999999999,0.8073801400000002,-9.797180139999998,9.797180139999998,-1.0,0.18604651162790697,1.0,43,-7.483333440268864,0.3923754964864039,210.72480826000015,9.797180139999995,True,contract_end_payout_proxy
L325,2026-09-07,75,12,208.0,20.912900000000004,1.8282711300000003,19.084628870000003,13.111479999999998,1.4555663334726519,0.16,1.0,75,9.175302341346155,0.4186879807692308,229.80943713000016,0.0,True,contract_end_payout_proxy
L325,2026-09-08,108,23,432.28,89.67490000000001,4.73772271,84.93717729000001,15.893073920000006,5.344288821504454,0.21296296296296297,1.0,108,19.6486483968724,0.45184857037105586,314.7466144200002,0.0,True,contract_end_payout_proxy
L325,2026-09-09,104,32,610.0,93.95000000000002,6.879075000000002,87.070925,27.416559999999997,3.175851565623113,0.3076923076923077,1.0,104,14.273922131147541,0.4771311475409836,401.8175394200002,0.0,True,contract_end_payout_proxy
L325,2026-09-10,71,16,270.0,50.900000000000006,3.023370000000001,47.876630000000006,20.99396,2.280495437735425,0.22535211267605634,1.0,71,17.732085185185188,0.31148148148148147,449.6941694200002,0.0,True,contract_end_payout_proxy
L325,2026-09-11,141,46,868.14,113.48240000000001,10.97915476,102.50324523999998,35.435109999999995,2.8927028938247967,0.3262411347517731,0.9929078014184397,140,11.807225244776186,0.46925334623447834,552.1974146600002,0.0,True,contract_end_payout_proxy
L325,2026-09-12,44,6,120.0,82.0,1.4968800000000002,80.50312,0.0,,0.13636363636363635,1.0,44,67.08593333333333,0.31666666666666665,632.7005346600001,0.0,True,contract_end_payout_proxy
L325,2026-09-13,31,6,105.0,7.699999999999999,1.0556,6.6444,4.01546,1.654704566849128,0.1935483870967742,1.0,31,6.328,0.3552380952380952,639.3449346600001,0.0,True,contract_end_payout_proxy
L325,2026-09-14,121,29,571.28,33.2912,5.929788760000001,27.361411240000002,27.60516,0.9911701739819657,0.2396694214876033,1.0,121,4.789492234981096,0.4515978154320123,666.7063459000002,0.0,True,contract_end_payout_proxy
L325,2026-09-15,148,48,930.0,123.95080000000002,10.707441080000002,113.24335892,24.030050000000003,4.712572754530265,0.32432432432432434,1.0,148,12.176705260215055,0.4570421505376343,779.9497048200002,0.0,True,contract_end_payout_proxy
L325,2026-09-16,153,51,957.13,104.81530000000001,11.974330830000001,92.84096917000002,26.20216063999999,3.5432562392686737,0.3333333333333333,1.0,153,9.699933046712571,0.4807964435343161,872.7906739900002,0.0,True,contract_end_payout_proxy
L325,2026-09-17,100,22,421.05,9.3005,3.7963866500000005,5.5041133499999955,35.23564499999999,0.15620867306388167,0.22,1.0,100,1.3072350908443167,0.40790761192257446,878.2947873400002,0.0,True,contract_end_payout_proxy
L325,2026-09-18,171,54,1019.8499999999999,122.63309999999998,11.921390250000002,110.71170974999998,39.39095971000003,2.8105867581056683,0.3157894736842105,1.0,171,10.855685615531696,0.46605569446487227,989.0064970900002,0.0,True,contract_end_payout_proxy
L325,2026-09-19,59,16,313.77,85.8651,3.4847775899999998,82.38032241,5.055359999999993,16.295639165163333,0.2711864406779661,1.0,59,26.255002839659628,0.2801571214583931,1071.3868195000002,0.0,True,contract_end_payout_proxy
L325,2026-09-20,77,23,441.0,119.18999999999998,4.257183,114.93281699999999,12.756500000000003,9.009745384705834,0.2987012987012987,1.0,77,26.061863265306116,0.3306349206349207,1186.3196365000001,0.0,True,contract_end_payout_proxy
L325,2026-09-21,196,67,1295.57,119.58079999999998,15.201255020000001,104.37954497999999,50.20846025,2.0789234415926945,0.34183673469387754,1.0,196,8.056650353126424,0.42914639888234524,1290.69918148,0.0,True,contract_end_payout_proxy
L325,2026-09-22,140,41,777.95,121.9629,8.313749990000002,113.64915000999999,31.53240989,3.604201214130544,0.29285714285714287,1.0,140,14.60879876727296,0.4028627803843435,1404.3483314900002,0.0,True,contract_end_payout_proxy
L325,2026-09-23,98,42,826.0,61.317599999999985,10.350102,50.967498,39.632520000000014,1.2860019499138582,0.42857142857142855,1.0,98,6.170399273607748,0.4657171912832929,1455.3158294900002,0.0,True,contract_end_payout_proxy
L325,2026-09-24,87,34,643.55,65.0033,7.354729550000001,57.64857044999998,26.829315479999998,2.1487156648843424,0.39080459770114945,1.0,87,8.957900776940406,0.427312096962163,1512.9643999400002,0.0,True,contract_end_payout_proxy
L325,2026-09-25,92,42,767.33,40.0728,8.125752040000002,31.947047960000003,42.48606671,0.7519417642980017,0.45652173913043476,1.0,92,4.163404006099071,0.3825827219058293,1544.9114479000002,0.0,True,contract_end_payout_proxy
L325,2026-09-26,17,3,60.0,25.2,0.6792800000000001,24.520719999999997,1.2789600000000014,19.172390066929356,0.17647058823529413,1.0,17,40.867866666666664,0.24666666666666667,1569.4321679000002,0.0,True,contract_end_payout_proxy
L325,2026-09-27,29,6,120.0,32.900000000000006,1.6090900000000006,31.290910000000004,4.873139999999999,6.421098101019057,0.20689655172413793,1.0,29,26.075758333333336,0.39249999999999996,1600.7230779000001,0.0,True,contract_end_payout_proxy
L325,2026-09-28,76,21,392.56,-8.368099999999998,3.43904155,-11.80714155,38.8135607,-0.3042014527154681,0.27631578947368424,1.0,76,-3.007729149684125,0.5882619217444466,1588.91593635,11.807141550000097,True,contract_end_payout_proxy
L325,2026-09-29,53,15,300.0,90.2115,3.7418216500000003,86.46967835,0.0,,0.2830188679245283,1.0,53,28.823226116666664,0.6326283333333333,1675.3856147000001,0.0,True,contract_end_payout_proxy
L325,2026-09-30,92,42,812.41,58.629999999999995,9.557598120000002,49.07240188,32.846199999999996,1.4940054520766484,0.45652173913043476,1.0,92,6.040349316231952,0.45393335877204866,1724.45801658,0.0,True,contract_end_payout_proxy
L325,2026-10-01,75,25,491.07,-5.625699999999998,5.484772510000001,-11.110472510000001,36.46529751,-0.30468618847695234,0.3333333333333333,0.9866666666666667,74,-2.2625028020445153,0.44127252733826133,1713.3475440700001,11.110472509999909,True,contract_end_payout_proxy
L350,2026-08-18,4,2,40.0,7.4,0.4977000000000001,6.902300000000001,2.54784,2.7090790630494856,0.5,0.75,3,17.255750000000003,0.315,6.902300000000001,0.0,True,contract_end_payout_proxy
L350,2026-08-19,77,33,660.0,11.929800000000006,6.232936220000002,5.696863779999999,20.526739999999997,0.27753378178902255,0.42857142857142855,0.987012987012987,76,0.8631611787878786,0.49707606060606063,12.599163780000001,0.0,True,contract_end_payout_proxy
L350,2026-08-20,135,55,1076.06,-11.082299999999996,9.81295777,-20.895257769999976,51.00125498,-0.4097008549729608,0.4074074074074074,0.9851851851851852,133,-1.9418301739679922,0.42384467408880544,-8.296093989999974,20.895257769999976,True,contract_end_payout_proxy
L350,2026-08-21,291,151,2957.61,24.955900000000007,30.271360630000004,-5.31546062999999,60.07167561000002,-0.08848530652797597,0.5189003436426117,0.993127147766323,289,-0.17972148559140622,0.46772025385361826,-13.611554619999964,26.210718399999966,True,contract_end_payout_proxy
L350,2026-08-22,88,43,850.25,44.37870000000001,7.498526910000002,36.880173090000014,32.08597999999999,1.1494170690750298,0.48863636363636365,0.9886363636363636,87,4.3375681376065875,0.5358674507497795,23.26861847000005,0.0,True,contract_end_payout_proxy
L350,2026-08-23,57,22,421.55,51.7206,3.2682204800000005,48.45237952000001,4.5775404,10.584806530598836,0.38596491228070173,1.0,57,11.49386301031906,0.6008288459257501,71.72099799000006,0.0,True,contract_end_payout_proxy
L350,2026-08-24,136,73,1426.71,4.583500000000017,13.350873970000002,-8.767373969999996,55.182443969999994,-0.15887976934777281,0.5367647058823529,0.9926470588235294,135,-0.6145168934121157,0.5236708931738054,62.95362402000006,8.767373969999994,True,contract_end_payout_proxy
L350,2026-08-25,120,61,1205.82,42.74760000000001,11.242509320000002,31.505090680000006,42.780424240000016,0.7364370793345829,0.5083333333333333,0.9916666666666667,119,2.612752374317892,0.5333071271002305,94.45871470000007,0.0,True,contract_end_payout_proxy
L350,2026-08-26,55,28,555.0,25.207800000000017,5.392176860000001,19.815623140000014,16.013475,1.2374342945550554,0.509090909090909,0.9818181818181818,54,3.57038254774775,0.49512108108108105,114.27433784000009,0.0,True,contract_end_payout_proxy
L350,2026-08-27,72,47,927.3199999999999,38.32110000000001,8.144874710000002,30.17622529,18.38252,1.6415717371720526,0.6527777777777778,0.9861111111111112,71,3.254132908812492,0.5165411077082345,144.4505631300001,0.0,True,contract_end_payout_proxy
L350,2026-08-28,87,40,800.0,83.60000000000001,7.952280000000002,75.64772000000002,15.79848,4.7882910254657425,0.45977011494252873,1.0,87,9.455965000000003,0.42050000000000004,220.0982831300001,0.0,True,contract_end_payout_proxy
L350,2026-08-29,5,1,20.0,-2.0,0.12600000000000003,-2.126,2.126,-1.0,0.2,1.0,5,-10.629999999999999,0.1,217.9722831300001,2.1260000000000048,True,contract_end_payout_proxy
L350,2026-08-30,28,13,260.0,4.379700000000011,2.2322757100000006,2.147424290000012,19.332950199999996,0.11107587138976918,0.4642857142857143,1.0,28,0.8259324192307739,0.5216165384615384,220.1197074200001,0.0,True,contract_end_payout_proxy
L350,2026-08-31,61,32,634.3199999999999,-2.317799999999992,4.707644900000002,-7.025444899999996,43.51615348000001,-0.1614445289432322,0.5245901639344263,0.9836065573770492,60,-1.1075553190818508,0.4676469289948292,213.09426252000011,7.0254448999999966,True,contract_end_payout_proxy
L350,2026-09-01,47,17,340.0,-18.59999999999999,2.4949400000000006,-21.094939999999994,21.09493999999999,-1.0000000000000002,0.3617021276595745,1.0,47,-6.204394117647056,0.4076470588235293,191.99932252000013,28.120384899999976,True,contract_end_payout_proxy
L350,2026-09-02,42,12,210.8,11.026000000000002,1.4093226000000003,9.616677400000006,4.4670399999999955,2.1528075414592247,0.2857142857142857,1.0,42,4.561991176470591,0.6393453510436432,201.61599992000015,18.503707499999962,True,contract_end_payout_proxy
L350,2026-09-03,62,32,640.0,-49.94869999999999,6.381145330000001,-56.32984532999998,66.09966836999999,-0.8521955815978929,0.5161290322580645,1.0,62,-8.801538332812497,0.54679484375,145.28615459000017,74.83355282999995,True,contract_end_payout_proxy
L350,2026-09-04,103,46,863.3800000000001,16.731000000000012,9.33899946,7.392000540000004,57.199045850000005,0.1292329343986776,0.44660194174757284,1.0,103,0.8561699993050572,0.44783177743288,152.67815513000016,67.44155228999995,True,contract_end_payout_proxy
L350,2026-09-05,44,12,230.0,49.85529999999999,3.2263854700000003,46.62891453,13.51416,3.450374609298691,0.2727272727272727,0.9772727272727273,43,20.2734411,0.5223682608695652,199.30706966000017,20.812637759999944,True,contract_end_payout_proxy
L350,2026-09-06,43,6,120.0,-7.999999999999999,0.6896400000000003,-8.689639999999999,8.689639999999999,-1.0,0.13953488372093023,1.0,43,-7.241366666666666,0.4000000000000001,190.61742966000017,29.50227775999994,True,contract_end_payout_proxy
L350,2026-09-07,75,12,215.0,11.112900000000003,1.8914111300000003,9.221488870000002,16.28998,0.5660834985678314,0.16,1.0,75,4.289064590697675,0.3901725581395349,199.83891853000017,20.28078888999994,True,contract_end_payout_proxy
L350,2026-09-08,108,22,406.63,61.0394,4.373847660000001,56.665552340000005,17.807973919999988,3.18203253186256,0.2037037037037037,1.0,108,13.935408686029069,0.4524029215748961,256.5044708700002,0.0,True,contract_end_payout_proxy
L350,2026-09-09,104,29,565.0,67.85000000000002,6.117055000000001,61.732945,34.432615,1.7928625229306576,0.27884615384615385,1.0,104,10.926184955752213,0.4816814159292035,318.2374158700002,0.0,True,contract_end_payout_proxy
L350,2026-09-10,71,15,265.0,47.10000000000001,2.96051,44.13949000000001,20.787100000000002,2.123407786559934,0.2112676056338028,1.0,71,16.656411320754717,0.3128301886792453,362.3769058700002,0.0,True,contract_end_payout_proxy
L350,2026-09-11,141,45,820.02,86.1024,10.382092280000002,75.72030772,35.435109999999995,2.13687237657792,0.3191489361702128,0.9929078014184397,140,9.23395864978903,0.47427818833686985,438.0972135900002,0.0,True,contract_end_payout_proxy
L350,2026-09-12,44,6,120.0,82.0,1.4968800000000002,80.50312,0.0,,0.13636363636363635,1.0,44,67.08593333333333,0.31666666666666665,518.6003335900002,0.0,True,contract_end_payout_proxy
L350,2026-09-13,31,5,100.0,5.0,0.9686600000000001,4.03134,4.01546,1.003954715026423,0.16129032258064516,1.0,31,4.03134,0.35,522.6316735900002,0.0,True,contract_end_payout_proxy
L350,2026-09-14,121,25,486.28,45.2492,4.834267760000001,40.41493224,27.60516,1.4640354281590833,0.2066115702479339,1.0,121,8.311041424693592,0.41340544542239044,563.0466058300002,0.0,True,contract_end_payout_proxy
L350,2026-09-15,148,45,870.0,102.8911,9.911093850000002,92.98000615000001,24.24167,3.8355445870684655,0.30405405405405406,1.0,148,10.687357028735633,0.4438033333333333,656.0266119800002,0.0,True,contract_end_payout_proxy
L350,2026-09-16,153,49,911.26,86.25570000000002,11.397132390000001,74.85856761000002,26.17028864999999,2.860441037206521,0.3202614379084967,1.0,153,8.21484182450673,0.4759830344797314,730.8851795900002,0.0,True,contract_end_payout_proxy
L350,2026-09-17,100,18,350.0,14.399999999999999,3.1753400000000003,11.224659999999998,33.903639999999996,0.3310753653589998,0.18,1.0,100,3.207045714285714,0.44457142857142856,742.1098395900002,0.0,True,contract_end_payout_proxy
L350,2026-09-18,171,48,900.3,118.21949999999998,10.50099127,107.71850872999998,30.81800028000002,3.495311433295889,0.2807017543859649,1.0,171,11.964734947239807,0.4907036543374431,849.8283483200001,0.0,True,contract_end_payout_proxy
L350,2026-09-19,59,13,234.76999999999998,47.53510000000001,2.64786459,44.88723541000001,8.419080000000001,5.331608134142924,0.22033898305084745,1.0,59,19.119664101035063,0.2863862503727052,894.7155837300002,0.0,True,contract_end_payout_proxy
L350,2026-09-20,77,22,403.5,123.515,3.998900500000001,119.51609949999998,12.756500000000003,9.36903535452514,0.2857142857142857,1.0,77,29.6198511771995,0.3506443618339529,1014.2316832300002,0.0,True,contract_end_payout_proxy
L350,2026-09-21,196,65,1272.0,119.27729999999997,15.037568770000002,104.23973123,42.80083400000001,2.435460281685165,0.33163265306122447,1.0,196,8.194947423742137,0.42116564465408807,1118.4714144600002,0.0,True,contract_end_payout_proxy
L350,2026-09-22,140,38,709.1700000000001,134.5909,7.622450990000001,126.96844901,22.97924489,5.525353405553092,0.2714285714285714,1.0,140,17.90380994824936,0.4241283472228097,1245.4398634700003,0.0,True,contract_end_payout_proxy
L350,2026-09-23,98,40,756.0,36.71879999999999,9.24537572,27.47342427999999,57.716100000000004,0.4760097144470951,0.40816326530612246,1.0,98,3.6340508306878294,0.4686259259259259,1272.9132877500003,0.0,True,contract_end_payout_proxy
L350,2026-09-24,87,32,595.9,77.16499999999999,6.782453300000001,70.38254669999998,26.829315479999998,2.623344853970161,0.367816091954023,1.0,87,11.811133864742402,0.4159003188454439,1343.2958344500003,0.0,True,contract_end_payout_proxy
L350,2026-09-25,92,35,644.71,66.2593,6.374415670000001,59.88488433,43.65806167,1.3716798694054342,0.3804347826086957,1.0,92,9.28865448496223,0.3621018752617456,1403.1807187800002,0.0,True,contract_end_payout_proxy
L350,2026-09-26,17,3,60.0,25.2,0.6792800000000001,24.520719999999997,1.2789600000000014,19.172390066929356,0.17647058823529413,1.0,17,40.867866666666664,0.24666666666666667,1427.7014387800002,0.0,True,contract_end_payout_proxy
L350,2026-09-27,29,6,120.0,32.900000000000006,1.6090900000000006,31.290910000000004,4.873139999999999,6.421098101019057,0.20689655172413793,1.0,29,26.075758333333336,0.39249999999999996,1458.9923487800002,0.0,True,contract_end_payout_proxy
L350,2026-09-28,76,21,382.65999999999997,-13.469099999999997,3.26638585,-16.735485849999993,41.128845,-0.4069038615113066,0.27631578947368424,1.0,76,-4.373460996707259,0.5909399989546856,1442.2568629300001,16.735485850000032,True,contract_end_payout_proxy
L350,2026-09-29,53,15,295.0,88.4615,3.6621966500000007,84.79930335,0.0,,0.2830188679245283,1.0,53,28.745526559322037,0.6323338983050848,1527.05616628,0.0,True,contract_end_payout_proxy
L350,2026-09-30,92,40,782.41,44.24249999999999,9.228653770000001,35.01384622999999,32.846199999999996,1.065993820594163,0.43478260869565216,1.0,92,4.475127647908384,0.4577746961311844,1562.07001251,0.0,True,contract_end_payout_proxy
L350,2026-10-01,75,25,471.47999999999996,10.734000000000002,5.28743208,5.446567919999998,30.61888,0.17788266324568364,0.3333333333333333,0.9866666666666667,74,1.1552065665563753,0.42490879782811575,1567.51658043,0.0,True,contract_end_payout_proxy
L400,2026-08-18,4,1,20.0,-2.4,0.14784000000000003,-2.54784,2.54784,-1.0,0.25,1.0,4,-12.7392,0.12,-2.54784,2.54784,True,contract_end_payout_proxy
L400,2026-08-19,77,32,625.06,37.8203,5.871743150000001,31.948556849999996,20.52674,1.5564359878870193,0.4155844155844156,0.987012987012987,76,5.111278413272325,0.515438037948357,29.400716849999995,0.0,True,contract_end_payout_proxy
L400,2026-08-20,135,54,1051.95,-11.461299999999987,9.63413577,-21.095435769999984,49.341907979999995,-0.42753587434338175,0.4,0.9925925925925926,134,-2.0053648719045567,0.4291661200627405,8.305281080000011,21.095435769999984,True,contract_end_payout_proxy
L400,2026-08-21,291,141,2773.6800000000003,41.08210000000001,28.042948010000003,13.039151990000004,61.555470200000016,0.21182767262819155,0.4845360824742268,0.9896907216494846,288,0.47010296753771175,0.4733703599550056,21.344433070000015,8.05628377999998,True,contract_end_payout_proxy
L400,2026-08-22,88,43,840.1,52.437500000000014,7.372960210000002,45.06453979000001,31.897319999999997,1.412800191050534,0.48863636363636365,0.9886363636363636,87,5.364187571717653,0.5327490774907749,66.40897286000003,0.0,True,contract_end_payout_proxy
L400,2026-08-23,57,19,365.0,39.490199999999994,2.8488542600000004,36.64134574,21.449479999999994,1.7082626590481451,0.3333333333333333,1.0,57,10.038724860273971,0.6726295890410959,103.05031860000003,0.0,True,contract_end_payout_proxy
L400,2026-08-24,136,69,1348.71,13.597200000000019,12.465102020000002,1.1320979800000082,45.76063501999999,0.024739560093631072,0.5073529411764706,1.0,136,0.0839393183115724,0.5139079564917587,104.18241658000004,0.0,True,contract_end_payout_proxy
L400,2026-08-25,120,59,1149.82,3.9968000000000146,10.441519620000001,-6.444719619999979,57.61808624,-0.11185237206864891,0.49166666666666664,0.9833333333333333,118,-0.5604981318815101,0.526885251604599,97.73769696000005,6.4447196199999865,True,contract_end_payout_proxy
L400,2026-08-26,55,29,554.4,13.710000000000013,5.518905000000001,8.191095000000011,25.829579999999996,0.3171207197329578,0.5272727272727272,0.9818181818181818,54,1.4774702380952403,0.4983585858585859,105.92879196000007,0.0,True,contract_end_payout_proxy
L400,2026-08-27,72,47,932.3199999999999,24.831100000000003,8.307785710000001,16.523314289999995,31.653365,0.5220081432100503,0.6527777777777778,0.9861111111111112,71,1.772279291444997,0.5228772309936502,122.45210625000007,0.0,True,contract_end_payout_proxy
L400,2026-08-28,87,39,759.46,69.34240000000001,7.564287080000002,61.77811292000001,16.544719999999998,3.734007763201796,0.4482758620689655,1.0,87,8.134478829694784,0.4083396097226977,184.23021917000008,0.0,True,contract_end_payout_proxy
L400,2026-08-29,5,1,20.0,-2.0,0.12600000000000003,-2.126,2.126,-1.0,0.2,1.0,5,-10.629999999999999,0.1,182.10421917000008,2.1260000000000048,True,contract_end_payout_proxy
L400,2026-08-30,28,13,256.06,-5.716299999999997,2.4052555100000004,-8.121555509999993,26.579839999999997,-0.3055532128861571,0.4642857142857143,1.0,28,-3.171739244708269,0.47557720846676554,173.98266366000007,10.247555510000012,True,contract_end_payout_proxy
L400,2026-08-31,61,30,590.29,14.527900000000006,4.185625010000001,10.34227499,43.56849848000001,0.23737965160189284,0.4918032786885246,0.9836065573770492,60,1.7520667790408107,0.46716376696200174,184.32493865000006,0.0,True,contract_end_payout_proxy
L400,2026-09-01,47,16,320.0,-18.925499999999996,2.4213689500000006,-21.346868949999987,21.346868949999994,-0.9999999999999997,0.3404255319148936,1.0,47,-6.670896546874997,0.3716421875,162.97806970000008,21.346868949999987,True,contract_end_payout_proxy
L400,2026-09-02,42,12,210.8,10.876000000000001,1.4182476000000004,9.457752400000006,4.4670399999999955,2.117230291199545,0.2857142857142857,1.0,42,4.486599810246682,0.6400569259962048,172.43582210000008,11.889116549999983,True,contract_end_payout_proxy
L400,2026-09-03,62,33,660.0,-50.227099999999986,6.482048370000001,-56.70914836999999,65.69742837000001,-0.8631867300896603,0.532258064516129,1.0,62,-8.592295207575756,0.5306471212121212,115.7266737300001,68.59826491999996,True,contract_end_payout_proxy
L400,2026-09-04,103,46,865.0699999999999,35.6761,9.19603167,26.480068329999995,49.34179517,0.5366660908620523,0.44660194174757284,1.0,103,3.061031862161443,0.4270104153421111,142.2067420600001,42.11819658999997,True,contract_end_payout_proxy
L400,2026-09-05,44,14,256.16,64.2002,3.4048970200000004,60.795302979999995,8.108496000000002,7.497728676193462,0.3181818181818182,1.0,44,23.733331894128668,0.46830028107432853,203.0020450400001,0.0,True,contract_end_payout_proxy
L400,2026-09-06,43,6,120.0,-7.999999999999997,0.7092400000000002,-8.709239999999996,8.709239999999998,-0.9999999999999998,0.13953488372093023,1.0,43,-7.257699999999997,0.4,194.2928050400001,8.709239999999994,True,contract_end_payout_proxy
L400,2026-09-07,75,10,190.0,10.050000000000004,1.6537850000000005,8.396215000000003,13.111479999999998,0.6403712624356674,0.13333333333333333,1.0,75,4.419060526315791,0.42078947368421055,202.68902004000012,0.3130249999999819,True,contract_end_payout_proxy
L400,2026-09-08,108,21,390.37,69.893,4.08920638,65.80379362,19.180432640000006,3.43077733725197,0.19444444444444445,1.0,108,16.856775269616005,0.4485667443707252,268.49281366000014,0.0,True,contract_end_payout_proxy
L400,2026-09-09,104,27,525.0,66.80000000000001,5.4789,61.32110000000001,40.9512,1.4974188790560474,0.25961538461538464,1.0,104,11.680209523809525,0.48228571428571426,329.81391366000014,0.0,True,contract_end_payout_proxy
L400,2026-09-10,71,12,205.0,28.200000000000003,2.12632,26.073679999999996,18.555290000000003,1.405188493416163,0.16901408450704225,1.0,71,12.718868292682924,0.30146341463414633,355.8875936600001,0.0,True,contract_end_payout_proxy
L400,2026-09-11,141,39,746.16,91.69319999999999,9.002821800000001,82.6903782,35.57702499999999,2.3242634312453054,0.2765957446808511,0.9929078014184397,140,11.082124236088774,0.47505467996140244,438.5779718600001,0.0,True,contract_end_payout_proxy
L400,2026-09-12,44,6,120.0,81.9001,1.5021323100000001,80.39796769,0.0,,0.13636363636363635,1.0,44,66.99830640833333,0.31749916666666667,518.9759395500001,0.0,True,contract_end_payout_proxy
L400,2026-09-13,31,5,100.0,4.8,0.9811200000000001,3.81888,4.01546,0.9510442141124553,0.16129032258064516,1.0,31,3.8188800000000005,0.35200000000000004,522.7948195500002,0.0,True,contract_end_payout_proxy
L400,2026-09-14,121,24,440.88,50.266999999999996,4.31085914,45.95614085999999,19.221489390000002,2.3908730446199824,0.19834710743801653,1.0,121,10.423730008165485,0.4210057158410452,568.7509604100002,0.0,True,contract_end_payout_proxy
L400,2026-09-15,148,41,775.0,96.1508,9.13762108,87.01317892,17.902590000000004,4.860368188066642,0.27702702702702703,1.0,148,11.227506957419356,0.46174090322580646,655.7641393300001,0.0,True,contract_end_payout_proxy
L400,2026-09-16,153,45,863.28,95.6722,10.991314740000002,84.68088526000001,36.74625999999999,2.3044762993567245,0.29411764705882354,0.9934640522875817,152,9.80920272217589,0.47415415624131224,740.4450245900001,0.0,True,contract_end_payout_proxy
L400,2026-09-17,100,14,267.37,1.4261000000000053,2.24205667,-0.8159566699999985,33.903639999999996,-0.024066934110909585,0.14,1.0,100,-0.3051788420540818,0.4710472379100123,739.6290679200001,0.8159566699999914,True,contract_end_payout_proxy
L400,2026-09-18,171,38,715.46,80.29979999999999,8.202195260000002,72.09760473999998,16.666520000000006,4.325894352270297,0.2222222222222222,1.0,171,10.077097914628348,0.4962125066390853,811.7266726600001,0.0,True,contract_end_payout_proxy
L400,2026-09-19,59,10,200.0,46.511,2.1539343,44.35706570000001,10.931719999999999,4.057647442488466,0.1694915254237288,1.0,59,22.17853285,0.267445,856.0837383600001,0.0,True,contract_end_payout_proxy
L400,2026-09-20,77,18,340.81,106.26989999999999,3.5836528700000003,102.68624713,12.756500000000003,8.049719525731978,0.23376623376623376,1.0,77,30.130056961356765,0.3923890144068543,958.7699854900001,0.0,True,contract_end_payout_proxy
L400,2026-09-21,196,62,1199.8400000000001,124.66089999999997,14.294109690000003,110.36679030999998,40.00126,2.75908284664033,0.3163265306122449,1.0,196,9.198458987031602,0.41687149953327113,1069.1367758000001,0.0,True,contract_end_payout_proxy
L400,2026-09-22,140,31,582.6700000000001,116.00890000000001,6.043638790000001,109.96526121,14.63448,7.514121527379175,0.22142857142857142,1.0,140,18.872648533475203,0.42332898553211934,1179.10203701,0.0,True,contract_end_payout_proxy
L400,2026-09-23,98,35,685.0,42.77879999999998,8.46834772,34.31045228,43.003060000000005,0.797860716888519,0.35714285714285715,1.0,98,5.008825150364963,0.44119883211678834,1213.41248929,0.0,True,contract_end_payout_proxy
L400,2026-09-24,87,29,560.59,60.9796,6.4004378200000005,54.57916218,27.0946,2.0143926162408743,0.3333333333333333,1.0,87,9.73602136677429,0.426372928521736,1267.9916514699999,0.0,True,contract_end_payout_proxy
L400,2026-09-25,92,28,503.67,71.1653,4.82753467,66.33776533,40.585336670000004,1.6345254412792825,0.30434782608695654,1.0,92,13.17087881549427,0.33066233843588066,1334.3294167999998,0.0,True,contract_end_payout_proxy
L400,2026-09-26,17,3,60.0,25.2,0.6792800000000001,24.520719999999997,1.2789600000000014,19.172390066929356,0.17647058823529413,1.0,17,40.867866666666664,0.24666666666666667,1358.8501367999997,0.0,True,contract_end_payout_proxy
L400,2026-09-27,29,6,105.0,27.35,1.3643350000000005,25.985665,4.873139999999999,5.332427346638924,0.20689655172413793,1.0,29,24.74825238095238,0.3585714285714285,1384.8358017999997,0.0,True,contract_end_payout_proxy
L400,2026-09-28,76,18,339.65999999999997,-4.909099999999995,2.70016985,-7.609269849999993,24.163448999999996,-0.31490826702760827,0.23684210526315788,1.0,76,-2.240260804922568,0.5816672554907849,1377.2265319499998,7.609269849999919,True,contract_end_payout_proxy
L400,2026-09-29,53,13,258.2,78.17999999999999,3.1484600000000005,75.03154,0.0,,0.24528301886792453,1.0,53,29.05946553059644,0.6267234701781564,1452.2580719499997,0.0,True,contract_end_payout_proxy
L400,2026-09-30,92,32,633.97,40.4008,7.662508700000001,32.73829129999999,37.07873324,0.8829398536377828,0.34782608695652173,1.0,92,5.164012697761722,0.4630648137924508,1484.9963632499996,0.0,True,contract_end_payout_proxy
L400,2026-10-01,75,26,472.15,19.949,5.3700586800000005,14.578941319999998,30.217066,0.48247375572466233,0.3466666666666667,0.9866666666666667,74,3.087777469024674,0.4142137032722652,1499.5753045699996,0.0,True,contract_end_payout_proxy
L500,2026-08-18,4,1,20.0,-2.4,0.14784000000000003,-2.54784,2.54784,-1.0,0.25,1.0,4,-12.7392,0.12,-2.54784,2.54784,True,contract_end_payout_proxy
L500,2026-08-19,77,33,660.0,49.5,6.4375500000000025,43.06245000000002,14.87594,2.894771691738473,0.42857142857142855,0.987012987012987,76,6.524613636363639,0.531060606060606,40.51461000000002,0.0,True,contract_end_payout_proxy
L500,2026-08-20,135,50,972.55,12.586200000000014,8.928772300000002,3.6574277000000244,42.190675979999995,0.08668805642587443,0.37037037037037035,0.9925925925925926,134,0.37606577553853526,0.41891296077322504,44.17203770000005,0.0,True,contract_end_payout_proxy
L500,2026-08-21,291,134,2629.9399999999996,48.37180000000001,25.948585460000004,22.42321453999999,60.57412624,0.37017809305506527,0.46048109965635736,0.9862542955326461,287,0.8526131599960453,0.47464512498384,66.59525224000004,0.0,True,contract_end_payout_proxy
L500,2026-08-22,88,38,759.73,35.48560000000001,6.760185040000001,28.72541496000001,31.70838,0.9059250254979917,0.4318181818181818,0.9886363636363636,87,3.781003114264279,0.5061198057204533,95.32066720000005,0.0,True,contract_end_payout_proxy
L500,2026-08-23,57,20,385.0,34.0736,3.087640080000001,30.985959920000003,21.847519999999992,1.4182827121796897,0.3508771929824561,1.0,57,8.048301277922079,0.6517568831168831,126.30662712000004,0.0,True,contract_end_payout_proxy
L500,2026-08-24,136,65,1262.87,76.14840000000004,11.445654220000002,64.70274578000001,18.476380279999997,3.501916760721707,0.47794117647058826,1.0,136,5.123468431429998,0.520126062064979,191.00937290000007,0.0,True,contract_end_payout_proxy
L500,2026-08-25,120,56,1084.42,-2.9441999999999835,9.83560074,-12.779800739999976,56.28791588,-0.22704341669436093,0.4666666666666667,0.9916666666666667,119,-1.178491796536395,0.5437415392560078,178.2295721600001,12.779800739999985,True,contract_end_payout_proxy
L500,2026-08-26,55,26,520.0,36.76960000000001,5.0886808000000014,31.68091920000001,18.198379999999997,1.7408648022516298,0.4727272727272727,1.0,55,6.092484461538463,0.5062123076923076,209.9104913600001,0.0,True,contract_end_payout_proxy
L500,2026-08-27,72,42,834.21,19.74310000000001,7.302535030000001,12.440564970000008,16.268880000000003,0.7646847828492193,0.5833333333333334,0.9722222222222222,70,1.4912989499047011,0.4968376068376068,222.3510563300001,0.0,True,contract_end_payout_proxy
L500,2026-08-28,87,40,791.64,47.431700000000006,7.726765830000002,39.70493417,15.92142348,2.4938055457086556,0.45977011494252873,1.0,87,5.015529049820626,0.42010042443534934,262.0559905000001,0.0,True,contract_end_payout_proxy
L500,2026-08-29,5,1,20.0,-1.7999999999999998,0.11466000000000001,-1.9146599999999998,1.9146599999999998,-1.0,0.2,1.0,5,-9.5733,0.09,260.1413305000001,1.9146600000000262,True,contract_end_payout_proxy
L500,2026-08-30,28,12,230.84,-20.142299999999995,1.9809687100000004,-22.123268709999994,26.36822,-0.8390125958445429,0.42857142857142855,1.0,28,-9.583810739040025,0.48077586206896544,238.0180617900001,24.037928710000017,True,contract_end_payout_proxy
L500,2026-08-31,61,30,584.28,13.991200000000003,4.186574,9.804626,43.89126600000001,0.22338444281830463,0.4918032786885246,0.9836065573770492,60,1.678069761073458,0.4626014924351338,247.82268779000012,14.233302710000004,True,contract_end_payout_proxy
L500,2026-09-01,47,15,291.97,-23.481799999999996,2.2577175600000006,-25.739517559999996,26.410459999999997,-0.9745955791758265,0.3191489361702128,1.0,47,-8.815809007774769,0.3269233140391136,222.08317023000012,39.97282027,True,contract_end_payout_proxy
L500,2026-09-02,42,13,230.8,7.266000000000002,1.6347226000000006,5.6312774000000045,5.941159999999998,0.9478413979761539,0.30952380952380953,1.0,42,2.4398948873483555,0.6002339688041594,227.71444763000014,34.341542869999984,True,contract_end_payout_proxy
L500,2026-09-03,62,32,640.0,-42.599999999999994,6.318270000000002,-48.918269999999985,62.847475,-0.7783649223775495,0.5161290322580645,1.0,62,-7.6434796874999975,0.5353125000000001,178.79617763000016,83.25981286999996,True,contract_end_payout_proxy
L500,2026-09-04,103,43,807.1800000000001,55.949999999999996,8.483402900000002,47.46659710000001,30.9895,1.5316993530066638,0.4174757281553398,1.0,103,5.880546730592929,0.41784979806239003,226.26277473000016,35.79321576999996,True,contract_end_payout_proxy
L500,2026-09-05,44,10,190.0,52.9746,2.4929157400000004,50.481684259999994,6.807335470000002,7.415777359948441,0.22727272727272727,1.0,44,26.569307505263154,0.51066,276.74445899000017,0.0,True,contract_end_payout_proxy
L500,2026-09-06,43,4,80.0,-0.1999999999999964,0.2781800000000001,-0.4781799999999965,1.5992199999999992,-0.2990082665299313,0.09302325581395349,1.0,43,-0.5977249999999956,0.5025000000000001,276.26627899000016,0.47818000000000893,True,contract_end_payout_proxy
L500,2026-09-07,75,9,170.0,-6.749999999999998,1.3340250000000005,-8.084024999999999,16.70902,-0.4838120368519518,0.12,0.9866666666666667,74,-4.755308823529411,0.3338235294117647,268.18225399000016,8.562205000000006,True,contract_end_payout_proxy
L500,2026-09-08,108,18,341.02,57.535,3.615862180000001,53.91913782,18.77203264,2.872312170665393,0.16666666666666666,1.0,108,15.811136537446487,0.4324233182804528,322.10139181000017,0.0,True,contract_end_payout_proxy
L500,2026-09-09,104,23,445.0,52.400000000000006,4.7461400000000005,47.653860000000016,26.827059999999996,1.7763355358358324,0.22115384615384615,1.0,104,10.708732584269667,0.5114606741573033,369.7552518100002,0.0,True,contract_end_payout_proxy
L500,2026-09-10,71,10,159.5,17.0466,1.6410770600000002,15.405522939999999,14.28104706,1.0787390360997802,0.14084507042253522,1.0,71,9.658635072100312,0.33199623824451413,385.1607747500002,0.0,True,contract_end_payout_proxy
L500,2026-09-11,141,35,680.71,66.85300000000001,8.163339800000001,58.6896602,35.824470000000005,1.638256203092467,0.24822695035460993,1.0,141,8.621830177314862,0.467375240557653,443.8504349500002,0.0,True,contract_end_payout_proxy
L500,2026-09-12,44,4,80.0,52.6,1.0101,51.5899,0.0,,0.09090909090909091,1.0,44,64.487375,0.34249999999999997,495.4403349500002,0.0,True,contract_end_payout_proxy
L500,2026-09-13,31,4,80.0,-0.4402000000000008,0.7289751000000001,-1.1691751000000004,6.14146,-0.19037412927870576,0.12903225806451613,1.0,31,-1.4614688750000004,0.2555025,494.2711598500002,1.1691751000000181,True,contract_end_payout_proxy
L500,2026-09-14,121,21,400.88,53.208299999999994,3.5310594900000005,49.67724051,19.221489390000002,2.5844636438966395,0.17355371900826447,1.0,121,12.392047622729995,0.41825908002394735,543.9484003600002,0.0,True,contract_end_payout_proxy
L500,2026-09-15,148,35,638.79,46.54740000000001,7.066106600000001,39.48129340000002,18.70868,2.110319562898078,0.23648648648648649,1.0,148,6.180637361261137,0.4794104478780194,583.4296937600002,0.0,True,contract_end_payout_proxy
L500,2026-09-16,153,35,690.03,56.182700000000004,8.710223830000002,47.47247617000001,28.018900000000002,1.6943019237015016,0.22875816993464052,0.9869281045751634,151,6.879769889714941,0.48381563120444043,630.9021699300002,0.0,True,contract_end_payout_proxy
L500,2026-09-17,100,10,190.0,-25.599999999999994,1.34302,-26.943019999999997,33.903639999999996,-0.7946940210549663,0.1,1.0,100,-14.180536842105262,0.503157894736842,603.9591499300002,26.943020000000047,True,contract_end_payout_proxy
L500,2026-09-18,171,29,553.28,52.321799999999996,6.20012442,46.121675579999994,17.086579999999998,2.6992924025755887,0.1695906432748538,1.0,171,8.336046049016772,0.5078047281665704,650.0808255100002,0.0,True,contract_end_payout_proxy
L500,2026-09-19,59,9,168.34,30.3288,1.73566848,28.593131520000007,10.931719999999999,2.615611406073336,0.15254237288135594,1.0,59,16.985346037780687,0.2258001663300463,678.6739570300002,0.0,True,contract_end_payout_proxy
L500,2026-09-20,77,11,210.0,51.900000000000006,1.8731300000000002,50.02687,8.741039999999998,5.723217145785858,0.14285714285714285,1.0,77,23.822319047619047,0.46714285714285714,728.7008270300003,0.0,True,contract_end_payout_proxy
L500,2026-09-21,196,52,1020.0,76.643,11.546118500000002,65.0968815,52.48939999999999,1.2401910004686663,0.2653061224489796,1.0,196,6.382047205882353,0.3954480392156863,793.7977085300002,0.0,True,contract_end_payout_proxy
L500,2026-09-22,140,27,520.37,98.39690000000002,5.004578390000001,93.39232161,10.97904,8.506419651444935,0.19285714285714287,1.0,140,17.94729165978054,0.42656782673866667,887.1900301400002,0.0,True,contract_end_payout_proxy
L500,2026-09-23,98,31,588.03,23.219799999999985,7.136023720000001,16.083776279999995,37.45070100000001,0.4294652930528588,0.3163265306122449,1.0,98,2.735196551196367,0.4111698382735575,903.2738064200003,0.0,True,contract_end_payout_proxy
L500,2026-09-24,87,25,489.95,38.8255,5.4641303500000005,33.36136965,26.1633,1.2751208620472188,0.28735632183908044,1.0,87,6.809137595673028,0.45142259414225944,936.6351760700003,0.0,True,contract_end_payout_proxy
L500,2026-09-25,92,22,410.96000000000004,30.166,3.7657830000000008,26.400217,45.060030000000005,0.5858899117466189,0.2391304347826087,1.0,92,6.42403567257154,0.3159285575238466,963.0353930700003,0.0,True,contract_end_payout_proxy
L500,2026-09-26,17,3,60.0,25.2,0.6792800000000001,24.520719999999997,1.2789600000000014,19.172390066929356,0.17647058823529413,1.0,17,40.867866666666664,0.24666666666666667,987.5561130700003,0.0,True,contract_end_payout_proxy
L500,2026-09-27,29,5,100.0,26.020000000000003,1.2595940000000003,24.760406,4.3299840000000005,5.718359698326829,0.1724137931034483,1.0,29,24.760406,0.33980000000000005,1012.3165190700003,0.0,True,contract_end_payout_proxy
L500,2026-09-28,76,18,342.65999999999997,-6.369099999999996,2.7283658500000003,-9.097465849999995,26.448285,-0.3439718624477918,0.23684210526315788,1.0,76,-2.6549541382128043,0.5808355220918695,1003.2190532200002,9.097465850000049,True,contract_end_payout_proxy
L500,2026-09-29,53,9,180.0,68.0,2.4567200000000007,65.54328,0.0,,0.16981132075471697,1.0,53,36.41293333333333,0.6222222222222223,1068.7623332200003,0.0,True,contract_end_payout_proxy
L500,2026-09-30,92,29,563.3299999999999,10.223299999999995,6.737684170000001,3.4856158300000004,43.43114,0.08025614409384604,0.31521739130434784,1.0,92,0.618752033443985,0.4493044929259937,1072.2479490500002,0.0,True,contract_end_payout_proxy
L500,2026-10-01,75,22,382.07,21.724300000000007,4.39786151,17.326438490000005,17.169848,1.0091200859786296,0.29333333333333333,0.9866666666666667,74,4.53488588216819,0.45631873740414053,1089.5743875400003,0.0,True,contract_end_payout_proxy
legacy_L300_diagnostic,2026-08-18,4,3,60.0,15.300000000000002,0.83223,14.467770000000002,2.5478400000000008,5.67844527128862,0.75,1.0,4,24.11295,0.41166666666666657,14.467770000000002,0.0,True,contract_end_payout_proxy
legacy_L300_diagnostic,2026-08-19,77,34,679.4200000000001,30.991600000000005,6.392341340000002,24.599258660000004,20.610534409999996,1.1935284243801425,0.44155844155844154,1.0,77,3.6206262194224488,0.5128321215154101,39.067028660000005,0.0,True,contract_end_payout_proxy
legacy_L300_diagnostic,2026-08-20,135,58,1159.06,-6.399999999999995,11.326949760000002,-17.726949759999975,54.34101696999999,-0.3262167465468392,0.42962962962962964,1.0,135,-1.5294246855210236,0.4369057684675513,21.34007890000003,17.726949759999975,True,contract_end_payout_proxy
legacy_L300_diagnostic,2026-08-21,291,149,2906.7200000000003,-18.98789999999999,29.922140850000005,-48.91004084999999,78.95987185,-0.6194290809249836,0.5120274914089347,1.0,291,-1.6826540172428022,0.46491849920184947,-27.569961949999957,66.63699060999997,True,contract_end_payout_proxy
legacy_L300_diagnostic,2026-08-22,88,48,909.5899999999999,40.552500000000016,8.29915317,32.253346830000005,44.674585099999994,0.7219618661886579,0.5454545454545454,1.0,88,3.5459214404292054,0.5431760463505536,4.683384880000048,34.38364377999996,True,contract_end_payout_proxy
legacy_L300_diagnostic,2026-08-23,57,25,466.0,63.8591,3.8672171300000007,59.991882870000005,5.556640049999999,10.796431356031425,0.43859649122807015,1.0,57,12.873794607296139,0.6054525751072962,64.67526775000005,0.0,True,contract_end_payout_proxy
legacy_L300_diagnostic,2026-08-24,136,76,1483.5900000000001,6.955600000000015,14.210178780000003,-7.254578780000006,57.410347959999996,-0.12636360931054713,0.5588235294117647,1.0,136,-0.48898811531487846,0.5255861794700691,57.42068897000004,7.254578780000003,True,contract_end_payout_proxy
legacy_L300_diagnostic,2026-08-25,120,62,1216.37,25.865100000000034,11.28954687,14.575553130000024,32.030984239999995,0.45504543415803655,0.5166666666666667,1.0,120,1.1982828522571278,0.5425609806226724,71.99624210000007,0.0,True,contract_end_payout_proxy
legacy_L300_diagnostic,2026-08-26,55,32,618.63,52.19170000000001,6.029370970000001,46.16232903000001,16.49214,2.7990502766772543,0.5818181818181818,1.0,55,7.462025609815239,0.4953498860385043,118.15857113000008,0.0,True,contract_end_payout_proxy
legacy_L300_diagnostic,2026-08-27,72,49,965.1800000000001,48.272400000000005,8.678892040000001,39.593507960000004,18.70728577,2.1164752838433816,0.6805555555555556,1.0,72,4.102189017592574,0.5094672496321929,157.75207909000008,0.0,True,contract_end_payout_proxy
legacy_L300_diagnostic,2026-08-28,87,41,804.51,69.0392,7.809544120000002,61.22965588,15.79848,3.8756675249770867,0.47126436781609193,1.0,87,7.610801093833514,0.411381834905719,218.98173497000008,0.0,True,contract_end_payout_proxy
legacy_L300_diagnostic,2026-08-29,5,1,20.0,-1.7999999999999998,0.11466000000000001,-1.9146599999999998,1.9146599999999998,-1.0,0.2,1.0,5,-9.5733,0.09,217.06707497000008,1.9146599999999978,True,contract_end_payout_proxy
legacy_L300_diagnostic,2026-08-30,28,15,280.07,2.973900000000005,2.4165190700000005,0.5573809300000087,20.92299356,0.026639635882008496,0.5357142857142857,1.0,28,0.19901486414111066,0.48950655193344517,217.6244559000001,1.3572790699999757,True,contract_end_payout_proxy
legacy_L300_diagnostic,2026-08-31,61,33,649.3199999999999,-6.799899999999994,4.925813130000001,-11.725713129999995,48.385373480000005,-0.2423400355656404,0.5409836065573771,1.0,61,-1.8058450579067324,0.45604617137928927,205.8987427700001,13.082992199999978,True,contract_end_payout_proxy
legacy_L300_diagnostic,2026-09-01,47,18,360.0,-20.286899999999992,2.6033868700000005,-22.89028686999999,22.890286869999986,-1.0000000000000002,0.3829787234042553,1.0,47,-6.358413019444442,0.3896858333333333,183.00845590000011,35.97327906999996,True,contract_end_payout_proxy
legacy_L300_diagnostic,2026-09-02,42,11,190.8,-4.283999999999999,1.1422376000000005,-5.426237599999998,19.552334999999996,-0.2775237637857575,0.2619047619047619,1.0,42,-2.8439400419287195,0.681781970649895,177.5822183000001,41.39951666999997,True,contract_end_payout_proxy
legacy_L300_diagnostic,2026-09-03,62,34,677.27,-37.763299999999994,6.75022033,-44.513520329999984,66.09966837,-0.6734303125521109,0.5483870967741935,1.0,62,-6.572492555406261,0.5282432412479514,133.06869797000013,85.91303699999995,True,contract_end_payout_proxy
legacy_L300_diagnostic,2026-09-04,103,48,928.9200000000001,50.75849999999999,10.15329595,40.60520404999999,45.807317049999995,0.8864348899910084,0.46601941747572817,1.0,103,4.371227237006415,0.450158786547819,173.67390202000013,45.30783294999995,True,contract_end_payout_proxy
legacy_L300_diagnostic,2026-09-05,44,15,275.0,78.8553,3.8194254700000005,75.03587453,13.514160000000004,5.552389088925985,0.3409090909090909,1.0,44,27.285772556363636,0.4950716363636364,248.70977655000013,0.0,True,contract_end_payout_proxy
legacy_L300_diagnostic,2026-09-06,43,10,151.32999999999998,0.7135999999999989,1.09346202,-0.37986201999999936,7.45386014,-0.05096178528512065,0.23255813953488372,1.0,43,-0.25101567435406025,0.3771651357959427,248.32991453000014,0.37986201999999025,True,contract_end_payout_proxy
legacy_L300_diagnostic,2026-09-07,75,12,220.0,27.112899999999996,1.9199711300000004,25.192928870000003,13.111479999999998,1.921440513961811,0.16,1.0,75,11.451331304545457,0.4222140909090909,273.52284340000017,0.0,True,contract_end_payout_proxy
legacy_L300_diagnostic,2026-09-08,108,25,459.08,71.625,4.987077620000001,66.63792237999999,24.792933919999996,2.6877788080677467,0.23148148148148148,1.0,108,14.515535937091572,0.46478827219656704,340.16076578000013,0.0,True,contract_end_payout_proxy
legacy_L300_diagnostic,2026-09-09,104,37,656.74,85.22530000000002,7.585601030000001,77.63969897000001,40.539120000000004,1.9151796824894078,0.3557692307692308,1.0,104,11.821984190090449,0.48453680299661966,417.8004647500002,0.0,True,contract_end_payout_proxy
legacy_L300_diagnostic,2026-09-10,71,16,275.0,46.95,3.1157350000000004,43.834265,22.567459999999997,1.9423659109177553,0.22535211267605634,1.0,71,15.939732727272728,0.3201818181818182,461.6347297500002,0.0,True,contract_end_payout_proxy
legacy_L300_diagnostic,2026-09-11,141,51,964.12,140.7729,12.08885349,128.68404650999997,34.15615,3.7675219985273514,0.3617021276595745,1.0,141,13.347305989918265,0.47303976683400406,590.3187762600002,0.0,True,contract_end_payout_proxy
legacy_L300_diagnostic,2026-09-12,44,7,140.0,93.8,1.8355400000000004,91.96446,0.0,,0.1590909090909091,1.0,44,65.6889,0.33,682.2832362600002,0.0,True,contract_end_payout_proxy
legacy_L300_diagnostic,2026-09-13,31,6,105.0,7.699999999999999,1.0556,6.6444,4.01546,1.654704566849128,0.1935483870967742,1.0,31,6.328,0.3552380952380952,688.9276362600002,0.0,True,contract_end_payout_proxy
legacy_L300_diagnostic,2026-09-14,121,33,640.0,41.6285,6.84110651,34.78739349,24.941785000000003,1.3947435394058603,0.2727272727272727,1.0,121,5.4355302328125,0.46620546874999996,723.7150297500002,0.0,True,contract_end_payout_proxy
legacy_L300_diagnostic,2026-09-15,148,51,992.84,93.64760000000001,11.633431040000001,82.01416896000002,21.414438749999995,3.829853769107072,0.34459459459459457,1.0,148,8.260562523669476,0.4625140002417307,805.7291987100002,0.0,True,contract_end_payout_proxy
legacy_L300_diagnostic,2026-09-16,153,57,1069.47,120.0239,13.309893030000001,106.71400697000003,28.93138207999999,3.688520882788053,0.37254901960784315,1.0,153,9.97821415934996,0.46674156357822094,912.4432056800002,0.0,True,contract_end_payout_proxy
legacy_L300_diagnostic,2026-09-17,100,27,513.23,51.8607,5.150006190000001,46.71069381,31.931994999999993,1.46281789816139,0.27,1.0,100,9.101317890614345,0.4270781131266683,959.1538994900002,0.0,True,contract_end_payout_proxy
legacy_L300_diagnostic,2026-09-18,171,61,1124.6599999999999,133.8246,13.38675912,120.43784087999998,39.96983200000001,3.013218591461679,0.3567251461988304,1.0,171,10.70882230007291,0.4597970942329237,1079.5917403700003,0.0,True,contract_end_payout_proxy
legacy_L300_diagnostic,2026-09-19,59,17,334.0,82.191,3.6974623,78.4935377,9.279360000000011,8.458938730688313,0.288135593220339,1.0,59,23.50105919161677,0.274877245508982,1158.0852780700002,0.0,True,contract_end_payout_proxy
legacy_L300_diagnostic,2026-09-20,77,29,554.81,142.2553,5.766364450000001,136.48893555,19.94070972,6.84473809942207,0.37662337662337664,1.0,77,24.601022971828197,0.3632859897983094,1294.5742136200001,0.0,True,contract_end_payout_proxy
legacy_L300_diagnostic,2026-09-21,196,74,1432.74,169.57979999999998,16.90949554,152.67030445999998,40.33985042000003,3.7846026415682443,0.37755102040816324,1.0,196,10.655827607242067,0.42445258735011243,1447.24451808,0.0,True,contract_end_payout_proxy
legacy_L300_diagnostic,2026-09-22,140,46,861.54,122.20750000000001,9.27381931,112.93368069,44.35899121,2.5459028172070104,0.32857142857142857,1.0,140,13.108350243749566,0.3971521925853704,1560.17819877,0.0,True,contract_end_payout_proxy
legacy_L300_diagnostic,2026-09-23,98,44,854.76,72.08439999999999,10.826764200000001,61.25763579999999,36.852983480000006,1.662216461612784,0.4489795918367347,1.0,98,7.166647456596002,0.4710978520286396,1621.43583457,0.0,True,contract_end_payout_proxy
legacy_L300_diagnostic,2026-09-24,87,36,679.97,62.611099999999986,7.84447027,54.76662972999996,28.747901000000002,1.9050653378137055,0.41379310344827586,1.0,87,8.054271472270829,0.43735591276085706,1676.2024643,0.0,True,contract_end_payout_proxy
legacy_L300_diagnostic,2026-09-25,92,47,861.04,78.03529999999999,9.512898290000003,68.52240171000001,28.519992000000002,2.4026094295538374,0.5108695652173914,1.0,92,7.958097383396824,0.39407542042181554,1744.72486601,0.0,True,contract_end_payout_proxy
legacy_L300_diagnostic,2026-09-26,17,3,60.0,25.2,0.6792800000000001,24.520719999999997,1.2789600000000014,19.172390066929356,0.17647058823529413,1.0,17,40.867866666666664,0.24666666666666667,1769.24558601,0.0,True,contract_end_payout_proxy
legacy_L300_diagnostic,2026-09-27,29,6,120.0,32.900000000000006,1.6090900000000006,31.290910000000004,4.873139999999999,6.421098101019057,0.20689655172413793,1.0,29,26.075758333333336,0.39249999999999996,1800.5364960099998,0.0,True,contract_end_payout_proxy
legacy_L300_diagnostic,2026-09-28,76,22,412.56,1.4369999999999976,3.78961226,-2.35261225999999,33.24937,-0.07075659659115316,0.2894736842105263,1.0,76,-0.5702472997866953,0.5844555943377933,1798.18388375,2.352612259999887,True,contract_end_payout_proxy
legacy_L300_diagnostic,2026-09-29,53,16,320.0,91.1515,3.798059650000001,87.35344035,0.0,,0.3018867924528302,1.0,53,27.297950109375,0.6526515625,1885.5373241,0.0,True,contract_end_payout_proxy
legacy_L300_diagnostic,2026-09-30,92,49,906.47,71.23819999999998,10.83391246,60.404287540000006,27.865522,2.167707015859958,0.532608695652174,1.0,92,6.663683027568481,0.4415279049499708,1945.94161164,0.0,True,contract_end_payout_proxy
legacy_L300_diagnostic,2026-10-01,75,29,537.29,5.182300000000007,6.08262151,-0.9003215100000013,34.586956,-0.02603066630090261,0.38666666666666666,1.0,75,-0.16756714437268538,0.4576442889314895,1945.04129013,0.9003215099999125,True,contract_end_payout_proxy
