variant,split,split_by,intents,fills,shares,gross_pnl,fees,net_pnl,max_drawdown,mpdd,fill_rate,coverage_rate,eligible_intents,cents_per_share,mean_fill_price
L300,all_reused,contract_start_ms,3915,1550,29637.1,2220.7739,311.36092603000003,1909.41297397,117.01488699999996,16.3176927562217,0.3959131545338442,0.9964240102171137,3901,6.44264443542047,0.4655022286256078
L300,train_reused_through_0920,contract_start_ms,2960,1179,22610.73,1501.7768,230.52667554000004,1271.25012446,117.01488699999996,10.864003350787328,0.3983108108108108,0.9956081081081081,2947,5.622331187272592,0.47127373596518113
L300,valid_reused_0921_0930,contract_start_ms,880,343,6509.08,726.4448,75.07740198000002,651.36739802,44.35899120999996,14.683999348325141,0.38977272727272727,1.0,880,10.007057802638775,0.44580419967184304
L300,valid_reused_1001,contract_start_ms,75,28,517.29,-7.447699999999994,5.75684851,-13.204548509999999,38.55937351,-0.3424471745262025,0.37333333333333335,0.9866666666666667,74,-2.552639430493534,0.46109087745751903
L300,pre_0904_hold_change,contract_start_ms,1436,710,13857.46,263.91200000000015,130.48151536,133.4304846400001,117.01488699999996,1.14028640338729,0.49442896935933145,0.9916434540389972,1424,0.9628783676084945,0.4911295432207634
L300,post_0904_hold_change,contract_start_ms,2479,840,15779.640000000001,1956.8619,180.87941067000003,1775.9824893300001,45.745683509999935,38.822952310719614,0.33884630899556273,0.9991932230738201,2477,11.254898649969201,0.4429966779977236
L325,all_reused,contract_start_ms,3915,1456,28058.46,2003.9841000000001,290.63655593000004,1713.3475440700004,101.81295590000005,16.828384255465856,0.3719029374201788,0.9961685823754789,3900,6.106349186911899,0.46450752821074287
L325,train_reused_through_0920,contract_start_ms,2960,1118,21572.02,1403.0990000000002,216.77936350000004,1186.3196365000001,101.81295590000005,11.651951620628662,0.3777027027027027,0.9952702702702703,2946,5.499344226919871,0.4701753011539949
L325,valid_reused_0921_0930,contract_start_ms,880,313,5995.37,606.5108,68.37241992000001,538.1383800799999,50.20846025,10.718081721695496,0.35568181818181815,1.0,880,8.975899403706526,0.44601737674238623
L325,valid_reused_1001,contract_start_ms,75,25,491.07,-5.625699999999998,5.484772510000001,-11.110472510000001,36.46529751,-0.30468618847695234,0.3333333333333333,0.9866666666666667,74,-2.2625028020445153,0.44127252733826133
L325,pre_0904_hold_change,contract_start_ms,1436,699,13665.61,281.2513000000001,127.79577013000004,153.4555298700001,101.81295590000005,1.5072298855631205,0.48676880222841223,0.9916434540389972,1424,1.1229321623403572,0.4897116703901252
L325,post_0904_hold_change,contract_start_ms,2479,757,14392.85,1722.7328,162.8407858,1559.8920142,50.208460249999916,31.068310130064237,0.3053650665590964,0.9987898346107301,2476,10.83796478251354,0.44057689755677293
L350,all_reused,contract_start_ms,3915,1400,26975.91,1845.2387,277.72211957,1567.5165804300002,96.99129200000002,16.1614156086301,0.35759897828863346,0.9961685823754789,3900,5.810801490774548,0.46703489520835445
L350,train_reused_through_0920,contract_start_ms,2960,1080,20886.58,1223.1585,208.92681677000002,1014.2316832300003,96.99129200000002,10.456935486847625,0.36486486486486486,0.9952702702702703,2946,4.8559011730498725,0.47367982216332205
L350,valid_reused_0921_0930,contract_start_ms,880,295,5617.85,611.3462,63.507870720000014,547.8383292799999,62.97760999999991,8.698938071482877,0.3352272727272727,1.0,880,9.751743625764302,0.44586519753998416
L350,valid_reused_1001,contract_start_ms,75,25,471.47999999999996,10.734000000000002,5.28743208,5.446567919999998,30.61888,0.17788266324568364,0.3333333333333333,0.9866666666666667,74,1.1552065665563753,0.42490879782811575
L350,pre_0904_hold_change,contract_start_ms,1436,694,13630.83,276.5169000000001,127.66164887000002,148.85525113000014,96.99129200000002,1.5347279952719892,0.4832869080779944,0.9916434540389972,1424,1.0920483281649036,0.49168928817981006
L350,post_0904_hold_change,contract_start_ms,2479,706,13345.08,1568.7218,150.06047070000002,1418.6613292999998,62.97761000000037,22.526439623542263,0.28479225494150867,0.9987898346107301,2476,10.630594416069442,0.44185259286568535
L400,all_reused,contract_start_ms,3915,1297,24998.96,1754.5549000000003,254.97959543000002,1499.57530457,85.84972544000001,17.46744438475865,0.3312899106002554,0.9964240102171137,3901,5.998550757991533,0.4668312241789258
L400,train_reused_through_0920,contract_start_ms,2960,1014,19598.21,1152.7907000000002,194.02071451000003,958.7699854900002,85.84972544000001,11.168002932753469,0.34256756756756757,0.9956081081081081,2947,4.892130380733751,0.47528265591602503
L400,valid_reused_0921_0930,contract_start_ms,880,257,4928.6,581.8152,55.58882224,526.22637776,63.363724999999874,8.304852307215224,0.29204545454545455,1.0,880,10.676995044434523,0.4382653897658564
L400,valid_reused_1001,contract_start_ms,75,26,472.15,19.949,5.3700586800000005,14.578941319999998,30.217066,0.48247375572466233,0.3466666666666667,0.9866666666666667,74,3.087777469024674,0.4142137032722652
L400,pre_0904_hold_change,contract_start_ms,1436,670,13093.48,263.7914000000001,121.91142194000003,141.8799780600001,85.84972544000001,1.652655000733338,0.46657381615598886,0.9923398328690808,1425,1.0835925824150654,0.4904394095381824
L400,post_0904_hold_change,contract_start_ms,2479,627,11905.48,1490.7635,133.06817349,1357.69532651,63.36372500000016,21.42701248245738,0.2529245663574022,0.9987898346107301,2476,11.403952856247713,0.4408672728860995
L500,all_reused,contract_start_ms,3915,1161,22460.35,1312.9066,223.33221246000002,1089.5743875400003,87.35190021999998,12.473390788246789,0.296551724137931,0.9961685823754789,3900,4.851101552469131,0.46800398925217107
L500,train_reused_through_0920,contract_start_ms,2960,918,17802.98,900.8569000000001,172.15607297000003,728.7008270300001,87.35190021999998,8.342129080131421,0.31013513513513513,0.9952702702702703,2946,4.093139614997041,0.47779377946838114
L500,valid_reused_0921_0930,contract_start_ms,880,221,4275.299999999999,390.32539999999995,46.77827798,343.54712202,52.48939999999999,6.545076187192082,0.25113636363636366,1.0,880,8.035626085187006,0.42828213224802947
L500,valid_reused_1001,contract_start_ms,75,22,382.07,21.724300000000007,4.39786151,17.326438490000005,17.169848,1.0091200859786296,0.29333333333333333,0.9866666666666667,74,4.53488588216819,0.45631873740414053
L500,pre_0904_hold_change,contract_start_ms,1436,640,12536.189999999999,330.2329000000002,115.67024427000001,214.56265573000013,87.35190021999998,2.456302097488592,0.4456824512534819,0.9923398328690808,1425,1.7115459779247135,0.4883634581160624
L500,post_0904_hold_change,contract_start_ms,2479,521,9924.16,982.6736999999999,107.66196819000001,875.01173181,55.25580499999995,15.83565259451022,0.2101653892698669,0.9983864461476402,2475,8.816985334879728,0.44228592646632064
legacy_L300_diagnostic,all_reused,contract_start_ms,3915,1563,29897.1,2260.2513,315.21000987,1945.04129013,117.01488699999999,16.622169537539275,0.3992337164750958,1.0,3915,6.505785812436658,0.4661541989022347
legacy_L300_diagnostic,train_reused_through_0920,contract_start_ms,2960,1191,22850.73,1528.6242000000002,234.04998638000006,1294.5742136200001,117.01488699999999,11.063329178107058,0.4023648648648649,1.0,2960,5.665351669815363,0.4721510341245116
legacy_L300_diagnostic,valid_reused_0921_0930,contract_start_ms,880,343,6509.08,726.4448,75.07740198000002,651.36739802,44.35899120999996,14.683999348325141,0.38977272727272727,1.0,880,10.007057802638775,0.44580419967184304
legacy_L300_diagnostic,valid_reused_1001,contract_start_ms,75,29,537.29,5.182300000000007,6.08262151,-0.9003215100000013,34.586956,-0.02603066630090261,0.38666666666666666,1.0,75,-0.16756714437268538,0.4576442889314895
legacy_L300_diagnostic,pre_0904_hold_change,contract_start_ms,1436,721,14077.46,283.47860000000014,133.68073908000002,149.79786092000006,117.01488699999999,1.2801607108333155,0.5020891364902507,1.0,1436,1.0640972229365246,0.49200931133883524
legacy_L300_diagnostic,post_0904_hold_change,contract_start_ms,2479,842,15819.640000000001,1976.7727,181.52927079000003,1795.2434292100002,44.35899121000034,40.47079025560163,0.33965308592174265,1.0,2479,11.348193948850922,0.44314644960315147
