variant,week_start,week_basis,intents,fills,shares,gross_pnl,fees,net_pnl,max_drawdown,mpdd,fill_rate,coverage_rate,eligible_intents,cents_per_share,mean_fill_price
L300,2026-08-17,contract_start,653,311,6060.790000000001,122.71730000000002,58.685508350000006,64.03179165000006,81.67038789,0.7840270299223144,0.4762633996937213,0.9892802450229708,646,1.0564924976776964,0.48668947447444966
L300,2026-08-24,contract_start,502,271,5288.35,186.52930000000006,49.30401203000001,137.22528797000007,60.02573896,2.28610743237071,0.5398406374501992,0.9920318725099602,498,2.594860173210927,0.500099407187497
L300,2026-08-31,contract_start,402,169,3232.64,61.19330000000002,30.487841370000005,30.70545863000001,104.58428792999999,0.2935953309788913,0.42039800995024873,0.9975124378109452,401,0.9498570403756685,0.4750410500395961
L300,2026-09-07,contract_start,574,153,2799.9399999999996,465.9053,32.264291150000005,433.64100885000005,40.53912,10.696853036030385,0.2665505226480836,0.9982578397212544,573,15.487510762730635,0.4426433066422853
L300,2026-09-14,contract_start,829,275,5229.01,665.4316000000001,59.78502264000001,605.64657736,43.37479199999996,13.963100442303,0.33172496984318456,1.0,829,11.582432953082897,0.43725454722786916
L300,2026-09-21,contract_start,660,256,4870.05,562.6180999999999,56.65581761,505.96228239000004,44.35899120999996,11.40608180187695,0.3878787878787879,1.0,660,10.38926258231435,0.4212630055132904
L300,2026-09-28,contract_start,295,115,2156.3199999999997,156.37900000000002,24.178432880000003,132.20056712000002,45.74568350999998,2.889902543288069,0.3898305084745763,0.9966101694915255,294,6.130841763745642,0.5048976960747942
L325,2026-08-17,contract_start,653,303,5945.37,138.1068,56.51268490000001,81.59411510000005,85.32425826,0.9562827355775722,0.46401225114854516,0.9892802450229708,646,1.3723975984673797,0.483078967330881
L325,2026-08-24,contract_start,502,268,5240.34,181.62520000000006,49.00186312000001,132.62333688000007,59.98282056999999,2.211022016299293,0.5338645418326693,0.9920318725099602,498,2.530815498231032,0.498859768640966
L325,2026-08-31,contract_start,402,163,3118.81,25.700800000000008,29.193443720000005,-3.492643719999961,86.70130519,-0.040283634858161256,0.4054726368159204,0.9950248756218906,400,-0.11198642174418964,0.4784258098441393
L325,2026-09-07,contract_start,574,141,2613.42,458.6202,30.000073600000004,428.6201264,35.43511000000001,12.09591634963176,0.2456445993031359,0.9982578397212544,573,16.400736444964835,0.4363017808082895
L325,2026-09-14,contract_start,829,243,4654.08,599.0459999999999,52.071298160000005,546.97470184,43.008099709999954,12.71794628286776,0.293124246079614,1.0,829,11.752584868330583,0.43488594953245324
L325,2026-09-21,contract_start,660,235,4490.4,466.03739999999993,51.63395860000001,414.4034414,50.20846025,8.253657637310239,0.3560606060606061,1.0,660,9.228653157847853,0.4196825672545876
L325,2026-09-28,contract_start,295,103,1996.04,134.8477,22.223233830000005,112.62446617,40.81363750999999,2.759481218560958,0.34915254237288135,0.9966101694915255,294,5.642395251097173,0.5040942566281238
L350,2026-08-17,contract_start,653,307,6025.469999999999,130.10270000000003,57.63546201000001,72.46723799000006,75.19860838000001,0.9636779130778915,0.47013782542113325,0.9892802450229708,646,1.2026819151037191,0.4826490381663174
L350,2026-08-24,contract_start,502,262,5174.849999999999,196.03970000000007,48.38723057,147.65246943000005,55.182443969999994,2.6757145716538306,0.5219123505976095,0.9920318725099602,498,2.8532705185657568,0.5022001217426593
L350,2026-08-31,contract_start,402,157,3038.5,-1.254199999999983,28.248077760000005,-29.50227775999997,86.34137138999998,-0.34169341168719164,0.39054726368159204,0.9950248756218906,400,-0.9709487497120279,0.4853559980253414
L350,2026-09-07,contract_start,574,134,2491.65,360.2047,28.190456070000003,332.01424393,35.43511000000001,9.369640560731995,0.23344947735191637,0.9982578397212544,573,13.325075509401401,0.43538029016916496
L350,2026-09-14,contract_start,829,220,4156.11,538.0656,46.46559036000001,491.60000964,33.903640000000024,14.499918287239943,0.26537997587454765,1.0,829,11.828368586009514,0.439590001227109
L350,2026-09-21,contract_start,660,219,4157.780000000001,492.1112999999999,47.35063445000001,444.76066555,62.97760999999991,7.062202988490681,0.33181818181818185,1.0,660,10.697070685558156,0.4170419550817984
L350,2026-09-28,contract_start,295,101,1931.55,129.9689,21.444668350000004,108.52423165000002,41.128845,2.6386403909470353,0.3423728813559322,0.9966101694915255,294,5.618504913152651,0.5027936631202921
L400,2026-08-17,contract_start,653,291,5695.79,157.7688,53.9722414,103.79655860000001,61.5554702,1.6862280194230408,0.445635528330781,0.9908116385911179,647,1.8223382287619454,0.49181785143061807
L400,2026-08-24,contract_start,502,256,5000.7699999999995,116.96120000000005,46.77509494,70.18610506000006,74.60226995,0.9408038804588689,0.5099601593625498,0.9920318725099602,498,1.403505961281964,0.49540546755799614
L400,2026-08-31,contract_start,402,157,3022.3199999999997,48.12760000000002,27.817458620000004,20.31014138000004,79.81952491999999,0.2544507925893584,0.39054726368159204,0.9975124378109452,401,0.672004995500147,0.46890878530400487
L400,2026-09-07,contract_start,574,120,2276.5299999999997,353.3363,24.834285490000003,328.50201451,40.9512,8.021792145529313,0.20905923344947736,0.9982578397212544,573,14.429944455377266,0.4383090492987134
L400,2026-09-14,contract_start,829,190,3602.7999999999997,476.5968,40.621634060000005,435.97516594000007,39.82168217000003,10.948185565813322,0.22919179734620024,0.9987937273823885,828,12.101009379926726,0.44992039524814037
L400,2026-09-21,contract_start,660,194,3696.7700000000004,468.14349999999996,42.07768369,426.06581631000006,63.363724999999874,6.72412829753934,0.29393939393939394,1.0,660,11.525353654947429,0.4076738612356191
L400,2026-09-28,contract_start,295,89,1703.9799999999998,133.6207,18.881197230000005,114.73950277,37.078733240000005,3.0944828138362794,0.3016949152542373,0.9966101694915255,294,6.733617928027325,0.49796904893249927
L500,2026-08-17,contract_start,653,277,5447.22,178.41720000000004,51.364332880000006,127.05286712000002,60.57412624000003,2.097477504117936,0.4241960183767228,0.9892802450229708,646,2.3324350241040386,0.4889177966008349
L500,2026-08-24,contract_start,502,241,4723.98,154.4063000000001,43.441105330000006,110.96519467000006,56.28791588000002,1.9713857394643337,0.4800796812749004,0.9940239043824701,499,2.348976809173622,0.4975346423989941
L500,2026-08-31,contract_start,402,147,2824.23,63.900000000000034,25.651782800000007,38.24821720000002,76.31467015999999,0.5011908866251991,0.3656716417910448,0.9975124378109452,401,1.3542883263756855,0.46787265909646175
L500,2026-09-07,contract_start,574,103,1956.23,239.24439999999998,21.239519140000006,218.00488086000001,35.82446999999999,6.085362347579743,0.1794425087108014,0.9982578397212544,573,11.14413340251402,0.4348954877493955
L500,2026-09-14,contract_start,829,150,2851.3199999999997,264.889,30.459332820000007,234.42966718000002,55.25580499999998,4.242625135585304,0.18094089264173704,0.9975874547647768,827,8.22179436822244,0.463094636869941
L500,2026-09-21,contract_start,660,165,3189.31,318.47119999999995,34.855507960000004,283.61569204,52.48939999999999,5.403294608816258,0.25,1.0,660,8.892697543982868,0.39723288109340266
L500,2026-09-28,contract_start,295,78,1468.06,93.5785,16.320631530000004,77.25786847,43.43114,1.7788588664723055,0.26440677966101694,0.9966101694915255,294,5.262582487772979,0.5030322330149994
legacy_L300_diagnostic,2026-08-17,contract_start,653,318,6200.790000000001,126.2839,60.704532070000006,65.57936793000006,105.86436161,0.6194659556120669,0.4869831546707504,1.0,653,1.0575969824812654,0.488027509397996
legacy_L300_diagnostic,2026-08-24,contract_start,502,275,5368.35,202.5293000000001,50.48421203000001,152.04508797000008,58.67303365999997,2.591396396018568,0.547808764940239,1.0,502,2.832249908631145,0.5008430337068186
legacy_L300_diagnostic,2026-08-31,contract_start,402,169,3232.64,61.19330000000002,30.487841370000005,30.70545863000001,104.58428792999999,0.2935953309788913,0.42039800995024873,1.0,402,0.9498570403756685,0.4750410500395961
legacy_L300_diagnostic,2026-09-07,contract_start,574,154,2819.9399999999996,473.1861,32.58837827000001,440.59772173,40.53912,10.868457966773823,0.2682926829268293,1.0,574,15.624365118761393,0.44401437619240136
legacy_L300_diagnostic,2026-09-14,contract_start,829,275,5229.01,665.4316000000001,59.78502264000001,605.64657736,43.37479199999996,13.963100442303,0.33172496984318456,1.0,829,11.582432953082897,0.43725454722786916
legacy_L300_diagnostic,2026-09-21,contract_start,660,256,4870.05,562.6180999999999,56.65581761,505.96228239000004,44.35899120999996,11.40608180187695,0.3878787878787879,1.0,660,10.38926258231435,0.4212630055132904
legacy_L300_diagnostic,2026-09-28,contract_start,295,116,2176.3199999999997,169.00900000000001,24.50420588,144.50479412,34.58695600000003,4.178014223628119,0.39322033898305087,1.0,295,6.639868866710779,0.5036442251139539
