date,real_sh,sim_sh,real_pnl,sim_pnl,variant
2026-09-10,38450.296,31821.460000000003,384.50296000000037,318.2146000000003,shift60
2026-09-11,61090.82,56629.45,610.9082000000005,566.2945000000005,shift60
2026-09-12,51612.493,39901.590000000004,516.1249300000004,399.0159000000004,shift60
2026-09-13,42987.32,36497.24,429.8732000000004,364.97240000000033,shift60
2026-09-14,67492.72,64662.89,-158.78279999999947,-182.08109999999948,shift60
2026-09-15,52052.015,48720.962,520.5201500000005,487.2096200000004,shift60
2026-09-16,56833.64,46306.3,568.3364000000005,463.06300000000044,shift60
2026-09-17,31007.99,27983.98,310.0799000000003,279.83980000000025,shift60
2026-09-18,45465.23,43225.14,454.6523000000004,432.2514000000004,shift60
2026-09-19,43785.869,37224.5,-1072.5513099999996,372.24500000000035,shift60
2026-09-20,63766.53,54512.04,637.6653000000006,545.1204000000005,shift60
2026-09-21,48812.304,39922.020000000004,488.1230400000004,399.2202000000004,shift60
2026-09-22,78197.12,65557.67000000001,-658.0187999999994,546.5367000000007,shift60
2026-09-23,55116.57,45209.914000000004,13.255700000000518,-84.10085999999967,shift60
2026-09-24,48308.98,44312.64,483.0898000000004,443.1264000000004,shift60
2026-09-25,69103.88,49480.979999999996,691.0388000000006,494.8098000000004,shift60
2026-09-26,44249.24,34885.060000000005,442.4924000000004,348.8506000000003,shift60
2026-09-27,28902.75,25536.65,289.02750000000026,255.36650000000023,shift60
2026-09-28,29152.99,29620.91,291.5299000000003,296.20910000000026,shift60
2026-09-29,58504.14,46609.69,585.0414000000005,466.0969000000004,shift60
2026-09-30,59498.880000000005,48691.34,594.9888000000005,486.9134000000004,shift60
2026-10-01,15864.07,14163.52,158.64070000000015,141.6352000000001,shift60
2026-09-10,38450.296,30253.230000000003,384.50296000000037,302.5323000000003,shift30
2026-09-11,61090.82,53962.840000000004,610.9082000000005,539.6284000000005,shift30
2026-09-12,51612.493,31323.180000000004,516.1249300000004,313.2318000000003,shift30
2026-09-13,42987.32,33563.58,429.8732000000004,335.6358000000003,shift30
2026-09-14,67492.72,59376.39,-158.78279999999953,-239.94609999999955,shift30
2026-09-15,52052.015,47037.702000000005,520.5201500000005,470.3770200000004,shift30
2026-09-16,56833.64,42353.090000000004,568.3364000000005,423.5309000000004,shift30
2026-09-17,31007.99,25566.670000000002,310.0799000000003,255.66670000000025,shift30
2026-09-18,45465.23,42038.200000000004,454.6523000000004,420.3820000000004,shift30
2026-09-19,43785.869,32154.5,-1072.5513099999996,321.5450000000003,shift30
2026-09-20,63766.53,43748.85,637.6653000000006,437.4885000000004,shift30
2026-09-21,48812.304,35351.15,488.12304000000046,353.51150000000035,shift30
2026-09-22,78197.12,57630.73,-658.0187999999993,467.2673000000005,shift30
2026-09-23,55116.57,45728.094,13.255700000000527,-80.62905999999957,shift30
2026-09-24,48308.98,39332.36,483.0898000000004,393.32360000000034,shift30
2026-09-25,69103.88,39130.55,691.0388000000006,391.3055000000004,shift30
2026-09-26,44249.24,32400.22,442.4924000000004,324.0022000000003,shift30
2026-09-27,28902.75,24154.47,289.02750000000026,241.54470000000023,shift30
2026-09-28,29152.99,25138.4,291.5299000000003,251.38400000000024,shift30
2026-09-29,58504.14,40342.3,585.0414000000005,403.4230000000004,shift30
2026-09-30,59498.880000000005,46927.07,594.9888000000005,469.2707000000004,shift30
2026-10-01,15864.07,14629.42,158.64070000000015,146.29420000000013,shift30
2026-09-10,38450.296,30218.860000000004,384.50296000000037,302.1886000000003,shift0
2026-09-11,61090.82,57324.89,610.9082000000005,573.2489000000005,shift0
2026-09-12,51612.493,31389.99,516.1249300000004,313.8999000000003,shift0
2026-09-13,42987.32,33059.98,429.8732000000004,330.5998000000003,shift0
2026-09-14,67492.72,58600.71,-158.78279999999944,-247.7028999999996,shift0
2026-09-15,52052.015,43479.002,520.5201500000004,434.7900200000004,shift0
2026-09-16,56833.64,41739.590000000004,568.3364000000005,417.3959000000004,shift0
2026-09-17,31007.989999999998,25875.81,310.0799000000003,258.75810000000024,shift0
2026-09-18,45465.23,42229.840000000004,454.6523000000004,422.2984000000004,shift0
2026-09-19,43785.869,33381.07,-1072.5513099999996,333.81070000000034,shift0
2026-09-20,63766.53,44518.29,637.6653000000006,445.1829000000004,shift0
2026-09-21,48812.304,35879.37,488.1230400000004,358.79370000000034,shift0
2026-09-22,78197.12,57150.55,-658.0187999999993,497.3455000000005,shift0
2026-09-23,55116.57,43448.294,13.255700000000516,-769.4370599999999,shift0
2026-09-24,48308.98,40376.329999999994,483.0898000000004,403.7633000000003,shift0
2026-09-25,69103.88,39964.46,691.0388000000006,399.64460000000037,shift0
2026-09-26,44249.24,31461.280000000002,442.4924000000004,314.61280000000033,shift0
2026-09-27,28902.75,23803.800000000003,289.02750000000026,238.0380000000002,shift0
2026-09-28,29152.99,25110.45,291.5299000000003,251.10450000000023,shift0
2026-09-29,58504.14,39267.3,585.0414000000005,392.6730000000004,shift0
2026-09-30,59498.880000000005,48320.2,594.9888000000005,483.20200000000045,shift0
2026-10-01,15864.07,18164.309999999998,158.64070000000015,181.64310000000015,shift0
