variant,group,n,agreement,real_sh,sim_sh,real_pnl,sim_pnl,false_fills
shift60,all,846,0.8392434988179669,1090255.847,931475.946,6580.5384700000095,7840.809460000008,0
shift60,M,540,0.7574074074074074,713926.4619999999,545580.656,4297.904620000007,5455.8065600000045,0
shift60,MT,306,0.9836601307189542,376329.385,385895.29,2282.633850000003,2385.002900000003,0
shift60,losers,5,0.6,4322.0199999999995,1473.95,-4278.799800000001,-1459.2105000000001,0
shift30,all,846,0.7966903073286052,1090255.847,842142.996,6580.53847000001,6940.769960000008,0
shift30,M,540,0.6925925925925925,713926.462,473409.13600000006,4297.904620000007,4734.091360000004,0
shift30,MT,306,0.9803921568627451,376329.385,368733.86000000004,2282.633850000003,2206.678600000003,0
shift30,losers,5,0.6,4322.0199999999995,1480.6599999999999,-4278.799800000001,-1465.8534,0
shift0,all,846,0.7789598108747045,1090255.847,844764.376,6580.53847000001,6335.853760000007,0
shift0,M,540,0.6685185185185185,713926.462,477180.066,4297.904620000007,4771.800660000004,0
shift0,MT,306,0.9738562091503268,376329.385,367584.31,2282.633850000003,1564.0531000000033,0
shift0,losers,5,0.6,4322.0199999999995,2111.79,-4278.799800000001,-2090.6721000000002,0
